OID,lon,lat,FuelClass,class_id,split,source,role
153,172.623719,-43.619322,broadleaf_scrub,4,train,main,4-class · CORE model (main 176)
155,172.610512,-43.628113,broadleaf_scrub,4,train,main,4-class · CORE model (main 176)
159,172.624851,-43.629495,broadleaf_scrub,4,train,main,4-class · CORE model (main 176)
164,172.593292,-43.608411,broadleaf_scrub,4,train,main,4-class · CORE model (main 176)
166,172.62099,-43.623805,broadleaf_scrub,4,train,main,4-class · CORE model (main 176)
167,172.61849,-43.628965,broadleaf_scrub,4,train,main,4-class · CORE model (main 176)
169,172.616772,-43.611071,broadleaf_scrub,4,train,main,4-class · CORE model (main 176)
170,172.612652,-43.629428,broadleaf_scrub,4,train,main,4-class · CORE model (main 176)
171,172.612481,-43.625217,broadleaf_scrub,4,train,main,4-class · CORE model (main 176)
174,172.614742,-43.630136,broadleaf_scrub,4,train,main,4-class · CORE model (main 176)
175,172.643656,-43.602239,broadleaf_scrub,4,train,main,4-class · CORE model (main 176)
177,172.61717,-43.629852,broadleaf_scrub,4,train,main,4-class · CORE model (main 176)
180,172.608459,-43.62244,broadleaf_scrub,4,train,main,4-class · CORE model (main 176)
181,172.629512,-43.622038,broadleaf_scrub,4,train,main,4-class · CORE model (main 176)
182,172.620419,-43.63317,broadleaf_scrub,4,train,main,4-class · CORE model (main 176)
189,172.630822,-43.629933,broadleaf_scrub,4,train,main,4-class · CORE model (main 176)
190,172.644539,-43.605392,broadleaf_scrub,4,train,main,4-class · CORE model (main 176)
193,172.60994,-43.626745,broadleaf_scrub,4,train,main,4-class · CORE model (main 176)
194,172.607351,-43.629102,broadleaf_scrub,4,train,main,4-class · CORE model (main 176)
198,172.601766,-43.621948,broadleaf_scrub,4,train,main,4-class · CORE model (main 176)
199,172.624343,-43.627093,broadleaf_scrub,4,train,main,4-class · CORE model (main 176)
278,172.610706,-43.630762,broadleaf_scrub,4,train,main,4-class · CORE model (main 176)
279,172.617652,-43.631851,broadleaf_scrub,4,train,main,4-class · CORE model (main 176)
280,172.622651,-43.633022,broadleaf_scrub,4,train,main,4-class · CORE model (main 176)
281,172.606627,-43.62768,broadleaf_scrub,4,train,main,4-class · CORE model (main 176)
151,172.620525,-43.616247,broadleaf_scrub,4,valid,main,4-class · CORE model (main 176)
152,172.611696,-43.629949,broadleaf_scrub,4,valid,main,4-class · CORE model (main 176)
154,172.605467,-43.620305,broadleaf_scrub,4,valid,main,4-class · CORE model (main 176)
157,172.610013,-43.628987,broadleaf_scrub,4,valid,main,4-class · CORE model (main 176)
158,172.612503,-43.627175,broadleaf_scrub,4,valid,main,4-class · CORE model (main 176)
162,172.606608,-43.628329,broadleaf_scrub,4,valid,main,4-class · CORE model (main 176)
165,172.616915,-43.632225,broadleaf_scrub,4,valid,main,4-class · CORE model (main 176)
168,172.610989,-43.604861,broadleaf_scrub,4,valid,main,4-class · CORE model (main 176)
172,172.611953,-43.630589,broadleaf_scrub,4,valid,main,4-class · CORE model (main 176)
173,172.614727,-43.628579,broadleaf_scrub,4,valid,main,4-class · CORE model (main 176)
179,172.606956,-43.626625,broadleaf_scrub,4,valid,main,4-class · CORE model (main 176)
184,172.613188,-43.627137,broadleaf_scrub,4,valid,main,4-class · CORE model (main 176)
185,172.622398,-43.61685,broadleaf_scrub,4,valid,main,4-class · CORE model (main 176)
186,172.619069,-43.632568,broadleaf_scrub,4,valid,main,4-class · CORE model (main 176)
188,172.600214,-43.620318,broadleaf_scrub,4,valid,main,4-class · CORE model (main 176)
191,172.621767,-43.616219,broadleaf_scrub,4,valid,main,4-class · CORE model (main 176)
197,172.621347,-43.615378,broadleaf_scrub,4,valid,main,4-class · CORE model (main 176)
200,172.614246,-43.603346,broadleaf_scrub,4,valid,main,4-class · CORE model (main 176)
282,172.608579,-43.628089,broadleaf_scrub,4,valid,main,4-class · CORE model (main 176)
283,172.621032,-43.636669,broadleaf_scrub,4,valid,main,4-class · CORE model (main 176)
101,172.631694,-43.603446,exotic_pine,3,train,main,4-class · CORE model (main 176)
103,172.640648,-43.603752,exotic_pine,3,train,main,4-class · CORE model (main 176)
105,172.633298,-43.605085,exotic_pine,3,train,main,4-class · CORE model (main 176)
110,172.61971,-43.593458,exotic_pine,3,train,main,4-class · CORE model (main 176)
111,172.589689,-43.631797,exotic_pine,3,train,main,4-class · CORE model (main 176)
112,172.628325,-43.592985,exotic_pine,3,train,main,4-class · CORE model (main 176)
113,172.616853,-43.589675,exotic_pine,3,train,main,4-class · CORE model (main 176)
118,172.619237,-43.605757,exotic_pine,3,train,main,4-class · CORE model (main 176)
119,172.632119,-43.606415,exotic_pine,3,train,main,4-class · CORE model (main 176)
120,172.589253,-43.629178,exotic_pine,3,train,main,4-class · CORE model (main 176)
121,172.635092,-43.600563,exotic_pine,3,train,main,4-class · CORE model (main 176)
122,172.616951,-43.592677,exotic_pine,3,train,main,4-class · CORE model (main 176)
123,172.624174,-43.596896,exotic_pine,3,train,main,4-class · CORE model (main 176)
124,172.617898,-43.593905,exotic_pine,3,train,main,4-class · CORE model (main 176)
126,172.636587,-43.604872,exotic_pine,3,train,main,4-class · CORE model (main 176)
128,172.606782,-43.595264,exotic_pine,3,train,main,4-class · CORE model (main 176)
131,172.606639,-43.604208,exotic_pine,3,train,main,4-class · CORE model (main 176)
136,172.593581,-43.633338,exotic_pine,3,train,main,4-class · CORE model (main 176)
139,172.623072,-43.610477,exotic_pine,3,train,main,4-class · CORE model (main 176)
141,172.64007,-43.605057,exotic_pine,3,train,main,4-class · CORE model (main 176)
143,172.622657,-43.605056,exotic_pine,3,train,main,4-class · CORE model (main 176)
144,172.620029,-43.593263,exotic_pine,3,train,main,4-class · CORE model (main 176)
148,172.636053,-43.609591,exotic_pine,3,train,main,4-class · CORE model (main 176)
216,172.637796,-43.602203,exotic_pine,3,train,main,4-class · CORE model (main 176)
217,172.639882,-43.600266,exotic_pine,3,train,main,4-class · CORE model (main 176)
218,172.625942,-43.596796,exotic_pine,3,train,main,4-class · CORE model (main 176)
219,172.639049,-43.598311,exotic_pine,3,train,main,4-class · CORE model (main 176)
220,172.598862,-43.606316,exotic_pine,3,train,main,4-class · CORE model (main 176)
222,172.598427,-43.605858,exotic_pine,3,train,main,4-class · CORE model (main 176)
274,172.641668,-43.604595,exotic_pine,3,train,main,4-class · CORE model (main 176)
275,172.577283,-43.632703,exotic_pine,3,train,main,4-class · CORE model (main 176)
276,172.638579,-43.602612,exotic_pine,3,train,main,4-class · CORE model (main 176)
102,172.578485,-43.632788,exotic_pine,3,valid,main,4-class · CORE model (main 176)
107,172.629483,-43.596917,exotic_pine,3,valid,main,4-class · CORE model (main 176)
108,172.634365,-43.60117,exotic_pine,3,valid,main,4-class · CORE model (main 176)
109,172.62569,-43.605598,exotic_pine,3,valid,main,4-class · CORE model (main 176)
115,172.638648,-43.599936,exotic_pine,3,valid,main,4-class · CORE model (main 176)
132,172.576746,-43.632386,exotic_pine,3,valid,main,4-class · CORE model (main 176)
142,172.618185,-43.61564,exotic_pine,3,valid,main,4-class · CORE model (main 176)
145,172.632979,-43.599274,exotic_pine,3,valid,main,4-class · CORE model (main 176)
146,172.618448,-43.6151,exotic_pine,3,valid,main,4-class · CORE model (main 176)
225,172.622118,-43.609175,exotic_pine,3,valid,main,4-class · CORE model (main 176)
52,172.612668,-43.61665,gorse_broom,2,train,main,4-class · CORE model (main 176)
53,172.596842,-43.621044,gorse_broom,2,train,main,4-class · CORE model (main 176)
54,172.626681,-43.633092,gorse_broom,2,train,main,4-class · CORE model (main 176)
55,172.611905,-43.620839,gorse_broom,2,train,main,4-class · CORE model (main 176)
57,172.62821,-43.630351,gorse_broom,2,train,main,4-class · CORE model (main 176)
58,172.619414,-43.614013,gorse_broom,2,train,main,4-class · CORE model (main 176)
60,172.619204,-43.629912,gorse_broom,2,train,main,4-class · CORE model (main 176)
62,172.628039,-43.629586,gorse_broom,2,train,main,4-class · CORE model (main 176)
63,172.605217,-43.613828,gorse_broom,2,train,main,4-class · CORE model (main 176)
64,172.605109,-43.629133,gorse_broom,2,train,main,4-class · CORE model (main 176)
65,172.602649,-43.612563,gorse_broom,2,train,main,4-class · CORE model (main 176)
66,172.602066,-43.611893,gorse_broom,2,train,main,4-class · CORE model (main 176)
67,172.621788,-43.630349,gorse_broom,2,train,main,4-class · CORE model (main 176)
68,172.603357,-43.628854,gorse_broom,2,train,main,4-class · CORE model (main 176)
74,172.58154,-43.626275,gorse_broom,2,train,main,4-class · CORE model (main 176)
76,172.625619,-43.63019,gorse_broom,2,train,main,4-class · CORE model (main 176)
82,172.615915,-43.61262,gorse_broom,2,train,main,4-class · CORE model (main 176)
83,172.61673,-43.624787,gorse_broom,2,train,main,4-class · CORE model (main 176)
88,172.629464,-43.630857,gorse_broom,2,train,main,4-class · CORE model (main 176)
89,172.621939,-43.62905,gorse_broom,2,train,main,4-class · CORE model (main 176)
90,172.635129,-43.635653,gorse_broom,2,train,main,4-class · CORE model (main 176)
91,172.627379,-43.631355,gorse_broom,2,train,main,4-class · CORE model (main 176)
92,172.620146,-43.630927,gorse_broom,2,train,main,4-class · CORE model (main 176)
94,172.646243,-43.601409,gorse_broom,2,train,main,4-class · CORE model (main 176)
98,172.604616,-43.622831,gorse_broom,2,train,main,4-class · CORE model (main 176)
99,172.600212,-43.612338,gorse_broom,2,train,main,4-class · CORE model (main 176)
100,172.618916,-43.614173,gorse_broom,2,train,main,4-class · CORE model (main 176)
265,172.636062,-43.613583,gorse_broom,2,train,main,4-class · CORE model (main 176)
266,172.603084,-43.626646,gorse_broom,2,train,main,4-class · CORE model (main 176)
267,172.602165,-43.62766,gorse_broom,2,train,main,4-class · CORE model (main 176)
268,172.600819,-43.622608,gorse_broom,2,train,main,4-class · CORE model (main 176)
269,172.589761,-43.621745,gorse_broom,2,train,main,4-class · CORE model (main 176)
270,172.590903,-43.611319,gorse_broom,2,train,main,4-class · CORE model (main 176)
61,172.600936,-43.624802,gorse_broom,2,valid,main,4-class · CORE model (main 176)
70,172.621078,-43.619085,gorse_broom,2,valid,main,4-class · CORE model (main 176)
72,172.619648,-43.618602,gorse_broom,2,valid,main,4-class · CORE model (main 176)
73,172.616049,-43.60218,gorse_broom,2,valid,main,4-class · CORE model (main 176)
75,172.590599,-43.621841,gorse_broom,2,valid,main,4-class · CORE model (main 176)
85,172.61363,-43.621967,gorse_broom,2,valid,main,4-class · CORE model (main 176)
86,172.601218,-43.626538,gorse_broom,2,valid,main,4-class · CORE model (main 176)
87,172.591117,-43.616041,gorse_broom,2,valid,main,4-class · CORE model (main 176)
95,172.601002,-43.628171,gorse_broom,2,valid,main,4-class · CORE model (main 176)
271,172.614114,-43.620407,gorse_broom,2,valid,main,4-class · CORE model (main 176)
272,172.591074,-43.616434,gorse_broom,2,valid,main,4-class · CORE model (main 176)
273,172.619408,-43.614912,gorse_broom,2,valid,main,4-class · CORE model (main 176)
1,172.586937,-43.618966,pasture,1,train,main,4-class · CORE model (main 176)
3,172.583723,-43.61998,pasture,1,train,main,4-class · CORE model (main 176)
4,172.583703,-43.622719,pasture,1,train,main,4-class · CORE model (main 176)
6,172.586081,-43.61326,pasture,1,train,main,4-class · CORE model (main 176)
11,172.603396,-43.604239,pasture,1,train,main,4-class · CORE model (main 176)
16,172.598929,-43.600431,pasture,1,train,main,4-class · CORE model (main 176)
17,172.617222,-43.597428,pasture,1,train,main,4-class · CORE model (main 176)
18,172.576479,-43.627533,pasture,1,train,main,4-class · CORE model (main 176)
19,172.608944,-43.604239,pasture,1,train,main,4-class · CORE model (main 176)
20,172.625097,-43.589162,pasture,1,train,main,4-class · CORE model (main 176)
23,172.592943,-43.603093,pasture,1,train,main,4-class · CORE model (main 176)
25,172.624865,-43.624768,pasture,1,train,main,4-class · CORE model (main 176)
27,172.605637,-43.61533,pasture,1,train,main,4-class · CORE model (main 176)
29,172.589707,-43.625806,pasture,1,train,main,4-class · CORE model (main 176)
30,172.615151,-43.596901,pasture,1,train,main,4-class · CORE model (main 176)
33,172.622457,-43.621938,pasture,1,train,main,4-class · CORE model (main 176)
38,172.646997,-43.603067,pasture,1,train,main,4-class · CORE model (main 176)
39,172.583383,-43.622524,pasture,1,train,main,4-class · CORE model (main 176)
40,172.622396,-43.622207,pasture,1,train,main,4-class · CORE model (main 176)
41,172.616798,-43.619125,pasture,1,train,main,4-class · CORE model (main 176)
46,172.580284,-43.620809,pasture,1,train,main,4-class · CORE model (main 176)
49,172.622364,-43.585905,pasture,1,train,main,4-class · CORE model (main 176)
50,172.592073,-43.603067,pasture,1,train,main,4-class · CORE model (main 176)
256,172.596248,-43.603995,pasture,1,train,main,4-class · CORE model (main 176)
257,172.57922,-43.617335,pasture,1,train,main,4-class · CORE model (main 176)
258,172.607652,-43.602611,pasture,1,train,main,4-class · CORE model (main 176)
259,172.619069,-43.619396,pasture,1,train,main,4-class · CORE model (main 176)
260,172.595368,-43.602102,pasture,1,train,main,4-class · CORE model (main 176)
261,172.583268,-43.621716,pasture,1,train,main,4-class · CORE model (main 176)
2,172.625292,-43.587933,pasture,1,valid,main,4-class · CORE model (main 176)
9,172.602462,-43.608053,pasture,1,valid,main,4-class · CORE model (main 176)
10,172.578001,-43.634412,pasture,1,valid,main,4-class · CORE model (main 176)
13,172.591468,-43.625438,pasture,1,valid,main,4-class · CORE model (main 176)
26,172.625925,-43.587991,pasture,1,valid,main,4-class · CORE model (main 176)
31,172.596671,-43.602393,pasture,1,valid,main,4-class · CORE model (main 176)
32,172.596206,-43.602525,pasture,1,valid,main,4-class · CORE model (main 176)
34,172.610423,-43.615804,pasture,1,valid,main,4-class · CORE model (main 176)
44,172.600578,-43.606738,pasture,1,valid,main,4-class · CORE model (main 176)
45,172.608178,-43.603981,pasture,1,valid,main,4-class · CORE model (main 176)
47,172.611221,-43.594485,pasture,1,valid,main,4-class · CORE model (main 176)
48,172.589552,-43.626716,pasture,1,valid,main,4-class · CORE model (main 176)
262,172.596896,-43.598796,pasture,1,valid,main,4-class · CORE model (main 176)
263,172.62603,-43.625788,pasture,1,valid,main,4-class · CORE model (main 176)
264,172.622315,-43.62309,pasture,1,valid,main,4-class · CORE model (main 176)
10067,172.620093,-43.633482,broadleaf_scrub,4,train,expansion,4-class · extra-sample test (expansion 88)
10068,172.643735,-43.603546,broadleaf_scrub,4,train,expansion,4-class · extra-sample test (expansion 88)
10070,172.628524,-43.624863,broadleaf_scrub,4,train,expansion,4-class · extra-sample test (expansion 88)
10072,172.618556,-43.624832,broadleaf_scrub,4,train,expansion,4-class · extra-sample test (expansion 88)
10074,172.622096,-43.617728,broadleaf_scrub,4,train,expansion,4-class · extra-sample test (expansion 88)
10075,172.608724,-43.621509,broadleaf_scrub,4,train,expansion,4-class · extra-sample test (expansion 88)
10076,172.614406,-43.630985,broadleaf_scrub,4,train,expansion,4-class · extra-sample test (expansion 88)
10077,172.619693,-43.625079,broadleaf_scrub,4,train,expansion,4-class · extra-sample test (expansion 88)
10078,172.627652,-43.613499,broadleaf_scrub,4,train,expansion,4-class · extra-sample test (expansion 88)
10079,172.639579,-43.596794,broadleaf_scrub,4,train,expansion,4-class · extra-sample test (expansion 88)
10081,172.610835,-43.627616,broadleaf_scrub,4,train,expansion,4-class · extra-sample test (expansion 88)
10082,172.620563,-43.626045,broadleaf_scrub,4,train,expansion,4-class · extra-sample test (expansion 88)
10083,172.620684,-43.625177,broadleaf_scrub,4,train,expansion,4-class · extra-sample test (expansion 88)
10084,172.622348,-43.628135,broadleaf_scrub,4,train,expansion,4-class · extra-sample test (expansion 88)
10069,172.624572,-43.620701,broadleaf_scrub,4,valid,expansion,4-class · extra-sample test (expansion 88)
10071,172.601832,-43.622175,broadleaf_scrub,4,valid,expansion,4-class · extra-sample test (expansion 88)
10073,172.61376,-43.624862,broadleaf_scrub,4,valid,expansion,4-class · extra-sample test (expansion 88)
10080,172.630682,-43.630487,broadleaf_scrub,4,valid,expansion,4-class · extra-sample test (expansion 88)
10085,172.612997,-43.628613,broadleaf_scrub,4,valid,expansion,4-class · extra-sample test (expansion 88)
10086,172.600856,-43.620415,broadleaf_scrub,4,valid,expansion,4-class · extra-sample test (expansion 88)
10087,172.623575,-43.632338,broadleaf_scrub,4,valid,expansion,4-class · extra-sample test (expansion 88)
10088,172.614219,-43.606577,broadleaf_scrub,4,valid,expansion,4-class · extra-sample test (expansion 88)
10045,172.581244,-43.628622,exotic_pine,3,train,expansion,4-class · extra-sample test (expansion 88)
10046,172.6395,-43.607725,exotic_pine,3,train,expansion,4-class · extra-sample test (expansion 88)
10047,172.619995,-43.591063,exotic_pine,3,train,expansion,4-class · extra-sample test (expansion 88)
10051,172.63986,-43.60476,exotic_pine,3,train,expansion,4-class · extra-sample test (expansion 88)
10055,172.626328,-43.607149,exotic_pine,3,train,expansion,4-class · extra-sample test (expansion 88)
10057,172.634989,-43.60772,exotic_pine,3,train,expansion,4-class · extra-sample test (expansion 88)
10058,172.618332,-43.608166,exotic_pine,3,train,expansion,4-class · extra-sample test (expansion 88)
10059,172.587184,-43.632154,exotic_pine,3,train,expansion,4-class · extra-sample test (expansion 88)
10060,172.625613,-43.590627,exotic_pine,3,train,expansion,4-class · extra-sample test (expansion 88)
10061,172.618667,-43.590288,exotic_pine,3,train,expansion,4-class · extra-sample test (expansion 88)
10062,172.606329,-43.604906,exotic_pine,3,train,expansion,4-class · extra-sample test (expansion 88)
10065,172.626822,-43.590728,exotic_pine,3,train,expansion,4-class · extra-sample test (expansion 88)
10066,172.60791,-43.597772,exotic_pine,3,train,expansion,4-class · extra-sample test (expansion 88)
10048,172.632125,-43.604041,exotic_pine,3,valid,expansion,4-class · extra-sample test (expansion 88)
10049,172.632225,-43.600663,exotic_pine,3,valid,expansion,4-class · extra-sample test (expansion 88)
10050,172.608811,-43.606201,exotic_pine,3,valid,expansion,4-class · extra-sample test (expansion 88)
10052,172.614424,-43.613196,exotic_pine,3,valid,expansion,4-class · extra-sample test (expansion 88)
10053,172.628925,-43.603331,exotic_pine,3,valid,expansion,4-class · extra-sample test (expansion 88)
10054,172.625718,-43.600086,exotic_pine,3,valid,expansion,4-class · extra-sample test (expansion 88)
10056,172.631922,-43.60676,exotic_pine,3,valid,expansion,4-class · extra-sample test (expansion 88)
10063,172.594765,-43.631856,exotic_pine,3,valid,expansion,4-class · extra-sample test (expansion 88)
10064,172.630026,-43.604948,exotic_pine,3,valid,expansion,4-class · extra-sample test (expansion 88)
10023,172.622827,-43.630078,gorse_broom,2,train,expansion,4-class · extra-sample test (expansion 88)
10026,172.611584,-43.620541,gorse_broom,2,train,expansion,4-class · extra-sample test (expansion 88)
10027,172.58381,-43.609927,gorse_broom,2,train,expansion,4-class · extra-sample test (expansion 88)
10028,172.602926,-43.623283,gorse_broom,2,train,expansion,4-class · extra-sample test (expansion 88)
10029,172.611178,-43.616538,gorse_broom,2,train,expansion,4-class · extra-sample test (expansion 88)
10030,172.625914,-43.628919,gorse_broom,2,train,expansion,4-class · extra-sample test (expansion 88)
10032,172.588263,-43.607699,gorse_broom,2,train,expansion,4-class · extra-sample test (expansion 88)
10035,172.597517,-43.622552,gorse_broom,2,train,expansion,4-class · extra-sample test (expansion 88)
10036,172.600672,-43.625325,gorse_broom,2,train,expansion,4-class · extra-sample test (expansion 88)
10039,172.614437,-43.597988,gorse_broom,2,train,expansion,4-class · extra-sample test (expansion 88)
10040,172.593132,-43.624292,gorse_broom,2,train,expansion,4-class · extra-sample test (expansion 88)
10041,172.631371,-43.633932,gorse_broom,2,train,expansion,4-class · extra-sample test (expansion 88)
10042,172.611123,-43.617103,gorse_broom,2,train,expansion,4-class · extra-sample test (expansion 88)
10043,172.611469,-43.59575,gorse_broom,2,train,expansion,4-class · extra-sample test (expansion 88)
10024,172.598151,-43.622229,gorse_broom,2,valid,expansion,4-class · extra-sample test (expansion 88)
10025,172.616139,-43.598412,gorse_broom,2,valid,expansion,4-class · extra-sample test (expansion 88)
10031,172.610317,-43.618831,gorse_broom,2,valid,expansion,4-class · extra-sample test (expansion 88)
10033,172.58887,-43.621477,gorse_broom,2,valid,expansion,4-class · extra-sample test (expansion 88)
10034,172.591879,-43.621077,gorse_broom,2,valid,expansion,4-class · extra-sample test (expansion 88)
10037,172.633401,-43.633901,gorse_broom,2,valid,expansion,4-class · extra-sample test (expansion 88)
10038,172.619619,-43.595036,gorse_broom,2,valid,expansion,4-class · extra-sample test (expansion 88)
10044,172.618356,-43.613802,gorse_broom,2,valid,expansion,4-class · extra-sample test (expansion 88)
10001,172.591639,-43.624941,pasture,1,train,expansion,4-class · extra-sample test (expansion 88)
10002,172.633232,-43.614031,pasture,1,train,expansion,4-class · extra-sample test (expansion 88)
10003,172.619414,-43.586666,pasture,1,train,expansion,4-class · extra-sample test (expansion 88)
10004,172.594026,-43.603674,pasture,1,train,expansion,4-class · extra-sample test (expansion 88)
10006,172.620634,-43.620016,pasture,1,train,expansion,4-class · extra-sample test (expansion 88)
10010,172.616665,-43.596644,pasture,1,train,expansion,4-class · extra-sample test (expansion 88)
10011,172.636582,-43.612531,pasture,1,train,expansion,4-class · extra-sample test (expansion 88)
10012,172.592716,-43.614476,pasture,1,train,expansion,4-class · extra-sample test (expansion 88)
10013,172.595268,-43.614592,pasture,1,train,expansion,4-class · extra-sample test (expansion 88)
10014,172.582957,-43.618613,pasture,1,train,expansion,4-class · extra-sample test (expansion 88)
10016,172.618985,-43.585574,pasture,1,train,expansion,4-class · extra-sample test (expansion 88)
10017,172.622427,-43.586222,pasture,1,train,expansion,4-class · extra-sample test (expansion 88)
10018,172.615202,-43.619488,pasture,1,train,expansion,4-class · extra-sample test (expansion 88)
10019,172.592457,-43.62678,pasture,1,train,expansion,4-class · extra-sample test (expansion 88)
10020,172.638231,-43.609985,pasture,1,train,expansion,4-class · extra-sample test (expansion 88)
10021,172.618788,-43.586029,pasture,1,train,expansion,4-class · extra-sample test (expansion 88)
10005,172.599053,-43.596182,pasture,1,valid,expansion,4-class · extra-sample test (expansion 88)
10007,172.597515,-43.609943,pasture,1,valid,expansion,4-class · extra-sample test (expansion 88)
10008,172.586833,-43.623048,pasture,1,valid,expansion,4-class · extra-sample test (expansion 88)
10009,172.601171,-43.604261,pasture,1,valid,expansion,4-class · extra-sample test (expansion 88)
10015,172.591043,-43.626622,pasture,1,valid,expansion,4-class · extra-sample test (expansion 88)
10022,172.596969,-43.598122,pasture,1,valid,expansion,4-class · extra-sample test (expansion 88)
340,172.631509,-43.59826,cleared_pine,6,train,main,excluded — few & scattered (19)
341,172.630621,-43.598249,cleared_pine,6,train,main,excluded — few & scattered (19)
349,172.629889,-43.598052,cleared_pine,6,train,main,excluded — few & scattered (19)
351,172.632022,-43.598024,cleared_pine,6,train,main,excluded — few & scattered (19)
337,172.632306,-43.599119,cleared_pine,6,valid,main,excluded — few & scattered (19)
338,172.630504,-43.59865,cleared_pine,6,valid,main,excluded — few & scattered (19)
339,172.631001,-43.598564,cleared_pine,6,valid,main,excluded — few & scattered (19)
342,172.627061,-43.601907,cleared_pine,6,valid,main,excluded — few & scattered (19)
343,172.632479,-43.600771,cleared_pine,6,valid,main,excluded — few & scattered (19)
344,172.629901,-43.601387,cleared_pine,6,valid,main,excluded — few & scattered (19)
345,172.630651,-43.599171,cleared_pine,6,valid,main,excluded — few & scattered (19)
346,172.627142,-43.602177,cleared_pine,6,valid,main,excluded — few & scattered (19)
347,172.632306,-43.600531,cleared_pine,6,valid,main,excluded — few & scattered (19)
348,172.627499,-43.601776,cleared_pine,6,valid,main,excluded — few & scattered (19)
350,172.627617,-43.601512,cleared_pine,6,valid,main,excluded — few & scattered (19)
352,172.632337,-43.598794,cleared_pine,6,valid,main,excluded — few & scattered (19)
353,172.629945,-43.601076,cleared_pine,6,valid,main,excluded — few & scattered (19)
354,172.632775,-43.602354,cleared_pine,6,valid,main,excluded — few & scattered (19)
355,172.6324,-43.600186,cleared_pine,6,valid,main,excluded — few & scattered (19)
206,172.624298,-43.636207,bare_rock,5,train,main,excluded — too few (7)
208,172.623876,-43.636305,bare_rock,5,train,main,excluded — too few (7)
212,172.649325,-43.606879,bare_rock,5,train,main,excluded — too few (7)
213,172.650354,-43.606873,bare_rock,5,train,main,excluded — too few (7)
207,172.623802,-43.636322,bare_rock,5,valid,main,excluded — too few (7)
211,172.649758,-43.607024,bare_rock,5,valid,main,excluded — too few (7)
215,172.650229,-43.607098,bare_rock,5,valid,main,excluded — too few (7)
