FID,FuelClass,class_id,split,block_id,elev,slope,northness,chm,B2,B3,B4,B5,B6,B7,B8,B8A,B11,B12,NDVI,NBR,NDWI,NDRE,BSI
0,pasture,1,valid,300005,333.45001220703125,29.79540061950684,0.993283987045288,0.8679810166358948,0.0615999996662139,0.100500002503395,0.1058000028133392,0.1521999984979629,0.2538999915122986,0.2881999909877777,0.3009999990463257,0.325300008058548,0.2383999973535537,0.1600999981164932,0.4798426628112793,0.3055736422538757,-0.4993773102760315,0.328331857919693,-0.0260328222066164
1,pasture,1,train,500003,387.0499877929688,12.87440013885498,0.9570749998092652,1.875,0.0381000004708766,0.0599500015377998,0.0608999989926815,0.1115500032901763,0.2178999930620193,0.2551000118255615,0.2897000014781952,0.2996000051498413,0.19200000166893,0.1053000018000602,0.652595579624176,0.4668354392051697,-0.657085657119751,0.4439875185489654,-0.1289822608232498
2,pasture,1,valid,500002,0.0,0.0,0.0,0.0,0.0157999992370605,0.0331999994814395,0.0208000000566244,0.0610000006854534,0.227400004863739,0.2811000049114227,0.2863999903202057,0.3057000041007995,0.1141000017523765,0.0522000007331371,0.8645833134651184,0.6916715502738953,-0.7922403216362,0.6488198041915894,-0.3827499151229858
3,pasture,1,train,300004,348.3500061035156,9.487959861755373,0.5683929920196533,0.8049929738044739,0.0355999991297721,0.0573999993503093,0.061999998986721,0.1220000013709068,0.2526000142097473,0.2949000000953674,0.3077999949455261,0.3373000025749206,0.2055999934673309,0.1120999976992607,0.6646836400032043,0.4660633504390716,-0.6856517195701599,0.4322940707206726,-0.1240589246153831
4,pasture,1,train,400003,405.510009765625,15.28909969329834,0.8916699886322021,1.2719999551773071,0.0268500000238418,0.0547499991953372,0.0542000010609626,0.1107499971985817,0.2203000038862228,0.2628999948501587,0.3014000058174133,0.3077499866485595,0.1996999979019165,0.1076499968767166,0.6951631307601929,0.4736585021018982,-0.6925452947616577,0.4625743329524994,-0.1277162283658981
5,pasture,1,train,7,264.2200012207031,17.73859977722168,0.4220480024814605,0.1170039996504783,0.0630000010132789,0.0970000028610229,0.1306000053882599,0.1914000064134597,0.2457000017166137,0.2809000015258789,0.3176000118255615,0.3375000059604645,0.3316999971866607,0.1995999962091446,0.4172244369983673,0.2281516194343567,-0.5320791006088257,0.2479371279478073,0.0969272628426551
6,pasture,1,train,600003,373.8699951171875,18.229900360107425,0.8273429870605469,0.3089900016784668,0.0264500007033348,0.0504000000655651,0.0399999991059303,0.1046499982476234,0.2644000053405761,0.3291000127792358,0.3713999986648559,0.3848499953746795,0.1845500022172927,0.09375,0.8055420517921448,0.5969042181968689,-0.7610241770744324,0.5603402853012085,-0.2784382998943329
7,pasture,1,valid,700000,268.010009765625,34.505699157714844,0.6582509875297546,0.4059750139713287,0.025399999693036,0.0507499985396862,0.0417000018060207,0.1104499995708465,0.2488999962806701,0.2966499924659729,0.2998000085353851,0.3338499963283539,0.1794999986886978,0.091399997472763,0.7557833194732666,0.5327198505401611,-0.7104550004005432,0.4615478515625,-0.1903367638587951
8,pasture,1,train,300004,370.739990234375,10.953399658203123,0.4779230058193207,0.1510010063648224,0.0320999994874,0.065600000321865,0.0531999990344047,0.1375000029802322,0.2759999930858612,0.3289999961853027,0.3700000047683716,0.3860000073909759,0.2009000033140182,0.1055999994277954,0.7485822439193726,0.5559293627738953,-0.6988062262535095,0.4581280648708343,-0.2255409955978393
9,pasture,1,train,300004,366.1600036621094,26.330799102783203,0.947152018547058,1.773010015487671,0.0278999991714954,0.0549999997019767,0.0608999989926815,0.1218999996781349,0.2290499955415725,0.2721999883651733,0.2876000106334686,0.3267500102519989,0.2176000028848648,0.1205499991774559,0.6505021452903748,0.4092858135700226,-0.6789258718490601,0.4046398103237152,-0.062289573252201
10,pasture,1,train,500003,411.1199951171875,13.49839973449707,0.9997829794883728,3.871000051498413,0.0355499982833862,0.0577500015497207,0.0557000003755092,0.1124000027775764,0.2254000008106231,0.275299996137619,0.2843999862670898,0.3227500021457672,0.1887499988079071,0.1030000001192092,0.6724492907524109,0.4682498574256897,-0.6624287366867065,0.4334677159786224,-0.1337703466415405
11,pasture,1,valid,500002,0.0,0.0,0.0,0.0,0.0163000002503395,0.0403999984264373,0.0276999995112419,0.066550001502037,0.2046499997377395,0.2561500072479248,0.2937000095844269,0.2854999899864197,0.1206500008702278,0.0562499985098838,0.8276291489601135,0.6785255074501038,-0.7581562399864197,0.6305343508720398,-0.3526780903339386
12,pasture,1,train,100005,311.6199951171875,6.129179954528809,0.9079520106315612,0.054992701858282,0.0424499996006488,0.0612999983131885,0.0671000033617019,0.1106500029563903,0.1806000024080276,0.2129500061273574,0.2318000048398971,0.2527999877929687,0.1692000031471252,0.092299997806549,0.5510203838348389,0.4304227232933044,-0.5817127227783203,0.3537742793560028,-0.074331596493721
13,pasture,1,train,300002,413.9599914550781,16.095699310302734,0.5068429708480835,0.1069950014352798,0.0240000002086162,0.0535500012338161,0.0421499982476234,0.1199000030755996,0.2971000075340271,0.3662999868392944,0.3887999951839447,0.4211499989032745,0.1761000007390976,0.0854500010609626,0.8043856620788574,0.639641523361206,-0.7578840255737305,0.5286023020744324,-0.3082956969738006
14,pasture,1,valid,300003,405.1300048828125,18.605199813842773,-0.0482842996716499,0.2539980113506317,0.0355999991297721,0.0709000006318092,0.0608000010251998,0.13680000603199,0.2694999873638153,0.3233999907970428,0.3743999898433685,0.3718000054359436,0.2078000009059906,0.1115999966859817,0.720588207244873,0.5407407283782959,-0.6815629601478577,0.4647887051105499,-0.2083701640367508
15,pasture,1,train,400003,409.80999755859375,17.706300735473633,0.967074990272522,0.1539919972419738,0.0293499995023012,0.0590000003576278,0.0585500001907348,0.1234000027179718,0.2519499957561493,0.3064500093460083,0.3276000022888183,0.3662999868392944,0.2057500034570694,0.1080000028014183,0.6967499852180481,0.5041322112083435,-0.6947749853134155,0.4527716040611267,-0.1491347998380661
16,pasture,1,valid,300003,402.6900024414063,9.673270225524902,0.6380469799041748,0.1659850031137466,0.0296999998390674,0.0612999983131885,0.0544999986886978,0.1293999999761581,0.2991999983787536,0.3689999878406524,0.3953999876976013,0.42739999294281,0.2037999927997589,0.1031500026583671,0.7577239274978638,0.586199939250946,-0.7315524220466614,0.5068597197532654,-0.244073748588562
17,pasture,1,train,500003,401.1900024414063,9.46030044555664,0.6526619791984558,2.242000102996826,0.0297999996691942,0.0542000010609626,0.0527999997138977,0.1190999969840049,0.2707999944686889,0.3291999995708465,0.3483999967575073,0.3797000050544739,0.1886000037193298,0.099200002849102,0.7367896437644958,0.5567470788955688,-0.7307501435279846,0.490481287240982,-0.2207875996828079
18,pasture,1,train,600004,343.1600036621094,14.857600212097168,0.1335130035877227,0.9580079913139344,0.0265999995172023,0.0513000003993511,0.0396500006318092,0.1002999991178512,0.2368499934673309,0.2924500107765198,0.3253999948501587,0.3352499902248382,0.1836500018835067,0.0954499989748001,0.782769501209259,0.5463942289352417,-0.7276347279548645,0.5287761092185974,-0.2237093597650528
19,pasture,1,train,800007,414.1199951171875,9.504159927368164,0.3957169950008392,1.3460099697113037,0.0163499992340803,0.036200001835823,0.0286999996751546,0.0764499977231025,0.2254499942064285,0.2752499878406524,0.3077000081539154,0.3050999939441681,0.1415500044822693,0.0693999975919723,0.8293697834014893,0.6319279074668884,-0.7894736528396606,0.6019784212112427,-0.3111470639705658
20,pasture,1,train,6,269.6199951171875,12.225799560546877,-0.9402999877929688,0.1490170061588287,0.0410000011324882,0.0766000002622604,0.0944000035524368,0.1696999967098236,0.2705999910831451,0.3172000050544739,0.3271999955177307,0.3668000102043152,0.2888999879360199,0.1715999990701675,0.552182137966156,0.31194868683815,-0.6206042766571045,0.3169651925563812,0.0200931411236524
21,pasture,1,train,7,275.7200012207031,10.65250015258789,-0.1395529955625534,0.1019899994134903,0.0714000016450882,0.1045999974012374,0.1387999951839447,0.191100001335144,0.2494000047445297,0.2829999923706054,0.3046000003814697,0.333400011062622,0.3343000113964081,0.2031999975442886,0.3739287555217743,0.1996849179267883,-0.4887585639953613,0.2289691269397735,0.1143563836812973
22,pasture,1,train,500003,383.3399963378906,16.44529914855957,0.9782299995422364,0.3690190017223358,0.0266999993473291,0.049049999564886,0.0504000000655651,0.1071500033140182,0.2230499982833862,0.2696999907493591,0.2698999941349029,0.3254500031471252,0.1907500028610229,0.1020999997854232,0.685295045375824,0.4510752558708191,-0.6924282908439636,0.4316403567790985,-0.1031148135662078
23,pasture,1,valid,500002,425.510009765625,14.674799919128418,0.9355409741401672,2.302000045776367,0.0315000005066394,0.0535999983549118,0.0590000003576278,0.1202000007033348,0.2309000045061111,0.2881999909877777,0.2971999943256378,0.3400000035762787,0.1940000057220459,0.1106000021100044,0.6687254309654236,0.4575772285461426,-0.6944127678871155,0.4240536689758301,-0.1301357895135879
24,pasture,1,train,7,260.70001220703125,10.426899909973145,0.9713360071182252,0.0739746019244194,0.0505999997258186,0.0826999992132186,0.09740000218153,0.1763000041246414,0.2617000043392181,0.3000000119209289,0.3339999914169311,0.3610999882221222,0.2838000059127807,0.1629000008106231,0.5484468936920166,0.3443348705768585,-0.6030717492103577,0.3090338706970215,-0.0044397795572876
25,pasture,1,train,400003,377.1700134277344,25.2322998046875,0.8938999772071838,3.5799899101257324,0.0296500008553266,0.0539500005543231,0.0476000010967254,0.1088000014424324,0.2318000048398971,0.2834500074386596,0.3215999901294708,0.33160001039505,0.1921000033617019,0.1028999984264373,0.7421451807022095,0.5151943564414978,-0.7126880288124084,0.4944237768650055,-0.188763827085495
26,pasture,1,valid,200005,309.8900146484375,1.012809991836548,-0.1411190032958984,0.0419921986758708,0.0309999994933605,0.0562000013887882,0.0593999996781349,0.1351000070571899,0.264299988746643,0.3212999999523163,0.3512000143527984,0.3788999915122986,0.2448000013828277,0.1299999952316284,0.7106673121452332,0.4596841633319855,-0.724104106426239,0.4443759024143219,-0.1136363819241523
27,pasture,1,valid,300003,403.7300109863281,17.537500381469727,0.8504329919815063,0.81597900390625,0.0331999994814395,0.0575000010430812,0.0692000016570091,0.1209999993443489,0.1940000057220459,0.231900006532669,0.2484000027179718,0.2758499979972839,0.2176499962806701,0.1211500018835067,0.5642317533493042,0.3443377017974853,-0.6240601539611816,0.3448835909366607,0.0092356335371732
28,pasture,1,train,600001,445.510009765625,45.2134017944336,0.3598119914531708,0.3909910023212433,0.0278999991714954,0.0531499981880188,0.0417499989271163,0.0901999995112419,0.2633000016212463,0.3122000098228454,0.3152999877929687,0.349150002002716,0.159850001335144,0.0775000005960464,0.7661392092704773,0.60539710521698,-0.7114940881729126,0.555117130279541,-0.2599118649959564
29,pasture,1,train,500003,386.6799926757813,30.3572998046875,0.4801990091800689,0.5580139756202698,0.0302499998360872,0.0562499985098838,0.0535500012338161,0.1224000006914138,0.2549999952316284,0.3052999973297119,0.319599986076355,0.353300005197525,0.2052499949932098,0.1110500022768974,0.712984025478363,0.4842679500579834,-0.7006784677505493,0.4461538195610046,-0.1495933532714843
30,pasture,1,train,500007,386.5199890136719,11.126299858093262,0.1716009974479675,1.4609999656677246,0.0142500000074505,0.0363500006496906,0.0301500000059604,0.0904499962925911,0.2087000012397766,0.248549997806549,0.2621000111103058,0.2842000126838684,0.1617500036954879,0.0872000008821487,0.7936698198318481,0.5007157325744629,-0.7564080953598022,0.4868813157081604,-0.1803523898124694
31,pasture,1,train,700008,454.25,26.640499114990234,0.2142830044031143,0.8250120282173157,0.0322999991476535,0.0626000016927719,0.0650999993085861,0.0961999967694282,0.2018000036478042,0.2372000068426132,0.2560999989509582,0.2605499923229217,0.1604000031948089,0.0997499972581863,0.594645082950592,0.4393705427646637,-0.6071540713310242,0.4538745582103729,-0.1223973482847213
32,pasture,1,valid,500002,0.0,0.0,0.0,0.0,0.0152500001713633,0.0377000011503696,0.0223500002175569,0.0617999993264675,0.2121499925851822,0.2592499852180481,0.2815999984741211,0.2894999980926513,0.1121999993920326,0.0522000007331371,0.852936327457428,0.6872378587722778,-0.763858437538147,0.6400699019432068,-0.3762169778347015
33,pasture,1,train,600003,349.8500061035156,10.897500038146973,0.9999160170555116,0.1040040031075477,0.0262000001966953,0.0531999990344047,0.0386499986052513,0.1072499975562095,0.2657000124454498,0.3269999921321869,0.354200005531311,0.3779000043869018,0.1761499941349029,0.0891000032424926,0.8032327890396118,0.5980148911476135,-0.738831639289856,0.5351608991622925,-0.278225839138031
34,pasture,1,train,400004,385.5799865722656,26.789400100708008,0.9333419799804688,2.232029914855957,0.0286999996751546,0.0524000003933906,0.0538999997079372,0.1105500012636184,0.2186499983072281,0.2637499868869781,0.3043999969959259,0.3100999891757965,0.192450001835823,0.1050999984145164,0.6991348266601562,0.4866910874843597,-0.7062780261039734,0.4671647250652313,-0.1497109234333038
35,pasture,1,train,7,265.489990234375,10.200300216674805,0.5626829862594604,0.9270020127296448,0.0627999976277351,0.0935999974608421,0.1143999993801117,0.1761000007390976,0.250900000333786,0.2813999950885772,0.3037999868392944,0.3336000144481659,0.2912999987602234,0.1833000034093856,0.4528933465480804,0.2473824322223663,-0.5289381146430969,0.2660970687866211,0.050628013908863
36,pasture,1,train,500003,417.1400146484375,13.135199546813965,0.958844006061554,1.3809800148010254,0.0335999988019466,0.0562999993562698,0.0584000013768672,0.1229000017046928,0.2381000071763992,0.2745000123977661,0.3007999956607818,0.3226999938488006,0.2115000039339065,0.1165999993681907,0.6748329401016235,0.4413033127784729,-0.6846821904182434,0.4198725521564483,-0.1067350506782531
37,pasture,1,train,300004,369.1700134277344,12.01710033416748,0.6459580063819885,0.6529849767684937,0.0425000004470348,0.0710999965667724,0.0764999985694885,0.1405999958515167,0.2511999905109405,0.2972500026226043,0.3371999859809875,0.3508999943733215,0.218299999833107,0.124499998986721,0.63016676902771,0.4606887400150299,-0.6517266631126404,0.4114692211151123,-0.1258710026741027
38,pasture,1,train,300002,394.1799926757813,19.034500122070312,0.5941939949989319,0.1369930058717727,0.0261499993503093,0.0582000017166137,0.047249998897314,0.1275500059127807,0.2921999990940094,0.3528000116348266,0.3693999946117401,0.4045999944210052,0.1881500035524368,0.0935999974608421,0.7731909155845642,0.5956803560256958,-0.7277829647064209,0.4866686463356018,-0.2538235783576965
39,pasture,1,train,200004,344.8299865722656,14.836099624633787,0.1651390045881271,0.0950011983513832,0.034800000488758,0.0612000003457069,0.0658999979496002,0.1260000020265579,0.2930000126361847,0.3291999995708465,0.3727999925613403,0.3738000094890594,0.1991000026464462,0.1032000035047531,0.6995669007301331,0.5663865208625793,-0.7179723381996155,0.4947874844074249,-0.2120130807161331
40,pasture,1,valid,200005,337.1199951171875,3.237760066986084,0.7071070075035095,0.0740050971508026,0.0340000018477439,0.0636000037193298,0.0621999986469745,0.1327999979257583,0.2802999913692474,0.3176000118255615,0.3472000062465668,0.3698999881744385,0.2195000052452087,0.1182999983429908,0.696140706539154,0.4917293488979339,-0.6903602480888367,0.4466666877269745,-0.15009805560112
41,pasture,1,valid,300003,404.8200073242188,13.791600227355955,0.5499789714813232,0.7460020184516907,0.031199999153614,0.0593999996781349,0.0520000010728836,0.1224500015377998,0.2644500136375427,0.3147499859333038,0.334199994802475,0.3637000024318695,0.1997999995946884,0.1064999997615814,0.7307094931602478,0.5166780352592468,-0.6981707215309143,0.4637030363082886,-0.1840570271015167
42,pasture,1,train,500003,338.8999938964844,27.743900299072266,0.6630290150642395,2.704010009765625,0.0248000007122755,0.0511000007390975,0.0433499999344348,0.1107999980449676,0.2503499984741211,0.3028999865055084,0.2962999939918518,0.3504500091075897,0.19480000436306,0.1011999994516372,0.7447372078895569,0.4908176064491272,-0.7058145999908447,0.4556620121002197,-0.1483236253261566
43,pasture,1,train,400003,429.8399963378906,12.88479995727539,0.9999849796295166,0.0350036993622779,0.0248000007122755,0.052700001746416,0.0461000017821788,0.1146000027656555,0.2553499937057495,0.323199987411499,0.3628000020980835,0.3817499876022339,0.195700004696846,0.1002999991178512,0.7745169997215271,0.5668322443962097,-0.7463297247886658,0.5198994278907776,-0.231649175286293
44,pasture,1,valid,200002,374.5499877929688,15.954400062561035,0.1792699992656707,0.0380248986184597,0.0288500003516674,0.0590999983251094,0.0524000003933906,0.1269000023603439,0.2881999909877777,0.3467499911785126,0.3702000081539154,0.4115999937057495,0.1977999955415725,0.0989499986171722,0.7520113587379456,0.5781732797622681,-0.7246680855751038,0.4894387423992157,-0.2292645573616027
45,pasture,1,train,100005,303.7799987792969,7.573470115661621,-0.9871479868888856,0.0459900014102458,0.0287999995052814,0.0553999990224838,0.050900001078844,0.1233000010251998,0.2696999907493591,0.3237999975681305,0.3528000116348266,0.386599987745285,0.1922000050544738,0.0962999984622001,0.7478325366973877,0.571142315864563,-0.728564441204071,0.482041597366333,-0.2217064201831817
46,pasture,1,train,400004,348.1400146484375,20.656400680541992,0.0629981979727745,0.5829769968986511,0.0298500005155801,0.0564999990165233,0.0542999990284442,0.1153500005602836,0.2238499969244003,0.2663500010967254,0.3136999905109405,0.3129999935626983,0.2089000046253204,0.1141000017523765,0.7048913240432739,0.4665731489658355,-0.6947596073150635,0.4623004198074341,-0.132426843047142
47,pasture,1,train,500003,390.1400146484375,13.480199813842772,0.990764021873474,2.2649800777435303,0.0299999993294477,0.0548000000417232,0.0522999987006187,0.1173999980092048,0.2452500015497207,0.29789999127388,0.3170999884605407,0.350849986076355,0.2072000056505203,0.1108499988913536,0.7168381214141846,0.4819488227367401,-0.7052971124649048,0.4596087336540222,-0.1444114446640014
48,pasture,1,valid,500002,420.55999755859375,27.702800750732425,0.987953007221222,0.2319950014352798,0.0498999990522861,0.0736000016331672,0.0741999968886375,0.1221000030636787,0.2345999926328659,0.2800999879837036,0.3355999886989593,0.3253999948501587,0.1921000033617019,0.1071999967098236,0.6378721594810486,0.5158084630966187,-0.6402736902236938,0.4664627313613891,-0.182878166437149
49,pasture,1,valid,300003,388.9299926757813,18.923099517822266,0.0437521003186702,0.1790159940719604,0.0288999993354082,0.0566000007092952,0.0465000011026859,0.125,0.2840999960899353,0.3366999924182892,0.3431999981403351,0.3944999873638153,0.1755000054836273,0.0921000018715858,0.7613548636436462,0.5768435597419739,-0.716858446598053,0.466040164232254,-0.2526510655879974
50,gorse_broom,2,train,200009,191.05999755859372,43.45700073242188,0.8957419991493225,0.6500089764595032,0.0288500003516674,0.052250001579523,0.0475500002503395,0.0917999967932701,0.2122000008821487,0.2542999982833862,0.2621999979019165,0.2852999866008758,0.1862500011920929,0.1086999997496604,0.6929782032966614,0.4138581752777099,-0.6676737070083618,0.4813559353351593,-0.1090787798166275
51,gorse_broom,2,train,500007,357.69000244140625,16.864900588989258,0.9978209733963012,0.7290040254592896,0.0333499982953071,0.0489999987185001,0.0582000017166137,0.0891999974846839,0.1232500001788139,0.1386999934911728,0.153899997472763,0.1628500074148178,0.2367500066757202,0.1424500048160553,0.451202243566513,0.0386367216706275,-0.5170034766197205,0.2661456167697906,0.2233513295650482
52,gorse_broom,2,train,100004,253.75999450683597,35.872100830078125,-0.7882360219955444,0.3560029864311218,0.0728000029921531,0.0991000011563301,0.1181999966502189,0.1938499957323074,0.2882499992847442,0.3260500133037567,0.3479999899864197,0.3850499987602234,0.301250010728836,0.1721999943256378,0.4929215013980865,0.3379469513893127,-0.556698739528656,0.284488320350647,-0.0016066475072875
53,gorse_broom,2,valid,100009,48.04999923706055,22.0664005279541,0.9034860134124756,2.2839999198913574,0.0408999994397163,0.0681999996304512,0.068800002336502,0.130400002002716,0.2161999940872192,0.2538999915122986,0.2998000085353851,0.3028999865055084,0.2511999905109405,0.1422999948263168,0.6266956329345703,0.3562542796134949,-0.6293478608131409,0.3937703371047973,-0.0313304290175437
54,gorse_broom,2,valid,300006,254.1000061035156,19.75180053710937,0.6823099851608276,0.2039950042963028,0.0333999991416931,0.0551999993622303,0.0615999996662139,0.1048000007867813,0.1697999984025955,0.1955000013113021,0.2344000041484832,0.2305999994277954,0.2294999957084655,0.1292999982833862,0.5837838053703308,0.2889744341373443,-0.6187845468521118,0.3820754885673523,0.0416890196502208
55,gorse_broom,2,train,300010,181.4600067138672,14.358799934387209,0.087898202240467,8.502989768981934,0.0206000003963708,0.0393499992787838,0.0310500003397464,0.0615999996662139,0.181099995970726,0.2192499935626983,0.2158000022172927,0.239449992775917,0.1374000012874603,0.0799499973654747,0.7484301924705505,0.4593406617641449,-0.6915540099143982,0.5558760166168213,-0.1678399443626403
56,gorse_broom,2,train,500008,369.239990234375,14.24240016937256,-0.0246322993189096,0.8560180068016052,0.0383000001311302,0.0504000000655651,0.0711499974131584,0.0847499966621398,0.0916500017046928,0.101400002837181,0.1114000007510185,0.1228500008583068,0.2251999974250793,0.1411499977111816,0.2204875648021698,-0.1177984476089477,-0.3770086467266083,0.1358654350042343,0.3287747800350189
57,gorse_broom,2,valid,100002,295.2900085449219,15.135199546813965,0.7117040157318115,0.1479800045490265,0.031599998474121,0.0653999969363212,0.068400003015995,0.1339000016450882,0.303299993276596,0.3420000076293945,0.3808000087738037,0.3998999893665313,0.2117999941110611,0.1098000034689903,0.6954585909843445,0.5523848533630371,-0.7068579196929932,0.4796969294548034,-0.1908749788999557
58,gorse_broom,2,valid,300009,256.6099853515625,30.92989921569824,0.8428019881248474,7.541019916534424,0.0513999983668327,0.0626000016927719,0.0803999975323677,0.0986000001430511,0.1116499975323677,0.1208000034093856,0.1173999980092048,0.1403000056743621,0.2428999990224838,0.1668000072240829,0.1870576441287994,-0.173821285367012,-0.3044444322586059,0.0870370268821716,0.3139605820178985
59,gorse_broom,2,valid,300009,231.8999938964844,16.186399459838867,0.137813001871109,5.269999980926514,0.0342000015079975,0.049550000578165,0.0570000000298023,0.0781499966979026,0.1153500005602836,0.1315000057220459,0.1510999947786331,0.1604499965906143,0.2052000015974044,0.1346500068902969,0.4521864354610443,0.05756776034832,-0.5061051249504089,0.318211555480957,0.1718435883522033
60,gorse_broom,2,train,500007,361.2300109863281,14.751299858093262,-0.8118000030517578,0.6549990177154541,0.045899998396635,0.0631500035524368,0.0793500021100044,0.1164499968290329,0.1401499956846237,0.1558499932289123,0.1518000066280365,0.179199993610382,0.2887000143527984,0.1789000034332275,0.3134328424930572,-0.0819473713636398,-0.4124214947223663,0.1317800879478454,0.301104724407196
61,gorse_broom,2,train,200003,280.92999267578125,32.73350143432617,0.9917290210723876,0.6109920144081116,0.0586999990046024,0.0844999998807907,0.1133999973535537,0.1639000028371811,0.2246499955654144,0.2587999999523163,0.2782000005245209,0.304749995470047,0.268200010061264,0.1564999967813491,0.4208376109600067,0.2799631953239441,-0.5340501666069031,0.2585387825965881,0.0622129552066326
62,gorse_broom,2,train,300010,206.17999267578125,27.41270065307617,0.7423329949378967,9.902009963989258,0.0443000011146068,0.0608999989926815,0.0710000023245811,0.091399997472763,0.1177000030875206,0.1300999969244003,0.1497000008821487,0.1533000022172927,0.2339999973773956,0.1568499952554702,0.3565926551818847,-0.0233240723609924,-0.4216524362564087,0.2418083995580673,0.2224448770284652
63,gorse_broom,2,train,4,230.7700042724609,25.846599578857425,-0.7173550128936768,0.3179929852485657,0.0416000001132488,0.0766000002622604,0.0641999989748001,0.1562000066041946,0.3587999939918518,0.4244000017642975,0.4580000042915344,0.4787000119686126,0.222800001502037,0.1154000014066696,0.7541171908378601,0.5974886417388916,-0.7134305834770203,0.4913708865642547,-0.2702771425247192
64,gorse_broom,2,valid,5,293.4599914550781,14.196000099182127,0.854852020740509,0.1180109977722168,0.0772000029683113,0.1194000020623207,0.1506000012159347,0.2161999940872192,0.3215999901294708,0.3598000109195709,0.3799999952316284,0.4110000133514404,0.3526999950408935,0.2198999971151352,0.4323407411575317,0.2668778002262115,-0.5218262076377869,0.2747400403022766,0.0479958355426788
65,gorse_broom,2,valid,300006,289.6300048828125,24.48430061340332,0.9524530172348022,1.46697998046875,0.0386000014841556,0.0626000016927719,0.0763999968767166,0.1199000030755996,0.1994999945163726,0.2366999983787536,0.2630000114440918,0.2804000079631805,0.2494000047445297,0.1351999938488006,0.5497937798500061,0.3209442794322967,-0.6154791116714478,0.3737268149852752,0.0385718643665313
66,gorse_broom,2,train,200007,221.58999633789065,38.0265998840332,0.6489480137825012,0.3809970021247864,0.0366000011563301,0.0597999989986419,0.0736000016331672,0.1238999962806701,0.1824000030755996,0.2132000029087066,0.212799996137619,0.2538000047206878,0.2494000047445297,0.1406999975442886,0.4860334992408752,0.2039603888988495,-0.5612618923187256,0.2640332579612732,0.1285814195871353
67,gorse_broom,2,train,4,282.5299987792969,29.208499908447266,-0.9144530296325684,0.4750060141086578,0.0433499999344348,0.0816999971866607,0.0838000029325485,0.1428499966859817,0.2833999991416931,0.33364999294281,0.3783999979496002,0.3835999965667724,0.2203000038862228,0.1242000013589859,0.6373863816261292,0.5057699680328369,-0.6448598504066467,0.4518944919109344,-0.1620858162641525
68,gorse_broom,2,train,300007,233.72999572753903,30.33270072937012,0.9100720286369324,0.3240050077438354,0.0392000004649162,0.0632999986410141,0.0868000015616417,0.1321000009775161,0.1996999979019165,0.2267999947071075,0.2642000019550323,0.2795000076293945,0.2682999968528747,0.1513999998569488,0.5054131150245667,0.2714148163795471,-0.6134351491928101,0.3333333432674408,0.0785117596387863
69,gorse_broom,2,train,400011,256.1499938964844,4.689519882202148,0.9905419945716858,0.0599975995719432,0.061099998652935,0.0847499966621398,0.1066000014543533,0.1077999994158744,0.1307999938726425,0.150749996304512,0.1873999983072281,0.1712500005960464,0.2423499971628189,0.1570000052452087,0.2748299241065979,0.0882694348692894,-0.3771817088127136,0.2696476876735687,0.1681312322616577
70,gorse_broom,2,train,200010,150.88999938964844,22.88940048217773,0.3286420106887817,0.9109950065612792,0.0280000008642673,0.0507499985396862,0.0611499994993209,0.0994499996304512,0.189300000667572,0.219650000333786,0.2304999977350235,0.2500999867916107,0.190200001001358,0.1025499999523162,0.5806617736816406,0.3841765522956848,-0.6391111016273499,0.3971813917160034,-0.0140237286686897
71,gorse_broom,2,train,400010,257.69000244140625,18.615100860595703,-0.248646005988121,0.8370059728622437,0.0585500001907348,0.0790499970316886,0.1004000008106231,0.1130999997258186,0.1326500028371811,0.1448000073432922,0.1722999960184097,0.1687999963760376,0.2667999863624573,0.1755000054836273,0.2636596858501434,-0.0092007173225283,-0.3709966242313385,0.2074281573295593,0.2279909551143646
72,gorse_broom,2,train,400008,338.5599975585937,21.04290008544922,0.9194759726524352,0.1539919972419738,0.0348999984562397,0.0540000014007091,0.068800002336502,0.095100000500679,0.1370999962091446,0.1589999943971634,0.1844000071287155,0.1861000061035156,0.2339999973773956,0.1447000056505203,0.4565560817718506,0.120632030069828,-0.5469798445701599,0.319499135017395,0.1599310338497162
73,gorse_broom,2,train,4,190.0500030517578,20.109600067138672,-0.9559270143508912,0.7379909753799438,0.0324000008404254,0.0645999982953071,0.0571999996900558,0.1376000046730041,0.3118000030517578,0.3589999973773956,0.3864000141620636,0.42289999127388,0.2085999995470047,0.1088000014424324,0.742110013961792,0.5605815649032593,-0.7135255336761475,0.4748091697692871,-0.2234881818294525
74,gorse_broom,2,train,400010,220.91000366210935,29.71339988708496,-0.1927469968795776,1.5939899682998655,0.0396500006318092,0.0551999993622303,0.0558499991893768,0.0898000001907348,0.1462000012397766,0.167600005865097,0.2085999995470047,0.190650001168251,0.213699996471405,0.1407999992370605,0.577613890171051,0.1940469443798065,-0.5815011262893677,0.3981233239173889,0.0411355644464492
75,gorse_broom,2,train,300007,166.02000427246094,36.09170150756836,0.3017860054969787,1.0,0.0450999997556209,0.0671999976038932,0.0856000036001205,0.1231999993324279,0.1941000074148178,0.2132000029087066,0.2409999966621399,0.2451000064611435,0.265500009059906,0.1611000001430511,0.4758113622665405,0.1987067759037017,-0.5639195442199707,0.3234486579895019,0.1020088121294975
76,gorse_broom,2,train,500010,304.3800048828125,20.71929931640625,0.9616460204124452,1.2239999771118164,0.0474999994039535,0.0684499964118003,0.0842999964952468,0.1255500018596649,0.194700002670288,0.2223999947309494,0.2066999971866607,0.2405000030994415,0.225150004029274,0.1460500061511993,0.4206185638904571,0.1719347685575485,-0.5024532079696655,0.244243785738945,0.0980218276381492
77,gorse_broom,2,train,400008,327.9100036621094,6.538790225982666,0.8832719922065735,0.1659850031137466,0.0456999987363815,0.0581000000238418,0.0803999975323677,0.0970999971032142,0.1020999997854232,0.1107999980449676,0.1146000027656555,0.1315000057220459,0.2506999969482422,0.1622000038623809,0.1753846406936645,-0.1719653159379959,-0.3271569311618805,0.0826641768217086,0.3475783467292785
78,gorse_broom,2,train,200003,354.8999938964844,17.795900344848633,0.0779014974832534,0.1530150026082992,0.0337999984622001,0.0617999993264675,0.060199998319149,0.128600001335144,0.2795000076293945,0.3115000128746032,0.3143999874591827,0.3449999988079071,0.1991000026464462,0.1062999963760376,0.6785904765129089,0.4946517646312713,-0.6714513301849365,0.4194130599498749,-0.1463374197483062
79,gorse_broom,2,train,500007,359.5,10.569199562072754,0.0602704994380474,1.1400099992752075,0.0555000007152557,0.0736000016331672,0.0966999977827072,0.1251499950885772,0.1551000028848648,0.1775500029325485,0.1805000007152557,0.2060499936342239,0.2963500022888183,0.1817499995231628,0.3023088276386261,-0.0034506523516029,-0.4207004904747009,0.1810895055532455,0.2496621906757354
80,gorse_broom,2,valid,300011,147.00999450683594,29.535400390625,-0.9177690148353576,2.4730100631713867,0.0115000000223517,0.0348999984562397,0.0174499992281198,0.0882999971508979,0.3334999978542328,0.4105499982833862,0.3740000128746032,0.4370999932289123,0.1563500016927719,0.069250002503395,0.9108443260192872,0.6875352263450623,-0.8292981386184692,0.6179969906806946,-0.3785088658332824
81,gorse_broom,2,valid,300011,215.2700042724609,6.628320217132568,0.204366996884346,1.3700000047683716,0.0212999992072582,0.0483499988913536,0.0303499996662139,0.0986500009894371,0.2628999948501587,0.3070999979972839,0.3282000124454498,0.3362500071525574,0.1671999990940094,0.0855500027537345,0.8307070136070251,0.5864652395248413,-0.7431948184967041,0.53777676820755,-0.2777625620365143
82,gorse_broom,2,valid,300006,261.7200012207031,29.5713005065918,0.8966169953346252,1.4240100383758545,0.0340000018477439,0.0579000003635883,0.0608000010251998,0.1216000020503997,0.2091999948024749,0.2414000034332275,0.2617999911308288,0.2922999858856201,0.2240999937057495,0.1264999955892563,0.6230626106262207,0.3484419286251068,-0.6377854347229004,0.3656755089759826,-0.0187704470008611
83,gorse_broom,2,train,200003,288.6600036621094,18.10460090637207,0.9978860020637512,0.1279910057783126,0.0579000003635883,0.0861999988555908,0.1122500002384185,0.168950006365776,0.2350499927997589,0.270550012588501,0.2991000115871429,0.3181000053882599,0.2479500025510788,0.1439999938011169,0.4542360603809356,0.3500338792800903,-0.5525564551353455,0.2780685722827911,0.0044617829844355
84,gorse_broom,2,valid,300006,229.5200042724609,33.11589813232422,-0.2203830033540725,0.4649960100650787,0.0399000011384487,0.0626000016927719,0.0725999996066093,0.1174999997019767,0.1721999943256378,0.2017000019550323,0.2399999946355819,0.2398000061511993,0.2520000040531158,0.1501999944448471,0.5355086326599121,0.2301383912563324,-0.5862524509429932,0.3426573276519775,0.0739454254508018
85,gorse_broom,2,train,400008,314.9200134277344,20.27470016479492,0.9948350191116332,0.1949770003557205,0.0364000014960765,0.0491999983787536,0.069300003349781,0.0798999965190887,0.0882000029087066,0.0939000025391578,0.1049999967217445,0.1119000017642974,0.2260999977588653,0.1439999938011169,0.2048192322254181,-0.1566265076398849,-0.3618676960468292,0.1357490569353103,0.3525640964508056
86,gorse_broom,2,train,300010,183.77999877929688,21.565900802612305,0.9171710014343262,5.853000164031982,0.0277999993413686,0.0489999987185001,0.0394500009715557,0.0705000013113021,0.2021999955177307,0.2343000024557113,0.2721000015735626,0.2635500133037567,0.158050000667572,0.0873500034213066,0.7467501163482666,0.5139796733856201,-0.6947991251945496,0.5884413123130798,-0.2058705240488052
87,gorse_broom,2,valid,5,286.5899963378906,18.47669982910156,0.048633899539709,0.1620180010795593,0.0578499995172023,0.1045999974012374,0.1111000031232833,0.1987999975681305,0.3273999989032745,0.371749997138977,0.3930000066757202,0.421999990940094,0.3053500056266784,0.1762499958276748,0.5592144131660461,0.3807641863822937,-0.5795820355415344,0.3281514048576355,-0.0396633185446262
88,gorse_broom,2,valid,300009,240.0200042724609,28.47410011291504,-0.2419870048761367,4.730999946594238,0.0335999988019466,0.0496499985456466,0.052700001746416,0.0799499973654747,0.1134499981999397,0.13230000436306,0.1336999982595443,0.1537999957799911,0.2159000039100647,0.1411000043153762,0.434549331665039,-0.0269286967813968,-0.4584128856658935,0.2515797019004822,0.2323927730321884
89,gorse_broom,2,train,100004,263.7699890136719,24.74220085144043,-0.6536890268325806,0.4309999942779541,0.0675999969244003,0.1031000018119812,0.123599998652935,0.1934500038623809,0.2989000082015991,0.3471499979496002,0.3716000020503998,0.403899997472763,0.2809000015258789,0.1606000065803527,0.5008077621459961,0.3964674770832062,-0.5656203627586365,0.3152818381786346,-0.0411283634603023
90,gorse_broom,2,train,200009,209.1100006103516,24.120399475097656,-0.0335082001984119,0.9880070090293884,0.0309500005096197,0.0467500016093254,0.0419000014662742,0.0894000008702278,0.2093999981880188,0.2452500015497207,0.2336000055074691,0.2714000046253204,0.1932999938726425,0.1159999966621398,0.6958257555961609,0.3363844752311706,-0.6664882898330688,0.4464396238327026,-0.0587293840944767
91,gorse_broom,2,train,200009,161.85000610351562,35.4119987487793,0.99686598777771,0.9769899845123292,0.0626500025391578,0.1072999984025955,0.1207000017166137,0.1917999982833862,0.3571999967098236,0.4088999927043915,0.4532000124454498,0.4670999944210052,0.3369500041007995,0.1839500069618225,0.5793692469596863,0.4225849509239197,-0.6171275973320007,0.4052713215351105,-0.0597842931747436
92,gorse_broom,2,train,200007,181.7700042724609,38.83160018920898,0.916229009628296,0.2819980084896087,0.0226000007241964,0.0449000000953674,0.0555999986827373,0.0962999984622001,0.1797000020742416,0.2046999931335449,0.2269999980926513,0.241699993610382,0.2041999995708465,0.1151999980211258,0.6065109968185425,0.3267095386981964,-0.6697314977645874,0.4042684733867645,0.0200235564261674
93,gorse_broom,2,valid,300005,320.1499938964844,18.63680076599121,0.6041380167007446,1.6090099811553955,0.0364999994635582,0.0627999976277351,0.0749000012874603,0.1240999996662139,0.2146999984979629,0.2533000111579895,0.2750000059604645,0.3030000030994415,0.2322999984025955,0.1264999955892563,0.571877658367157,0.3698630332946777,-0.6281823515892029,0.378100723028183,-0.0069500659592449
94,gorse_broom,2,train,500007,366.5400085449219,21.8533992767334,-0.5859479904174805,0.3229979872703552,0.0507999993860721,0.06700000166893,0.0883999988436698,0.1056500002741813,0.1243499964475631,0.1379500031471252,0.1474000066518783,0.1631499975919723,0.2723999917507171,0.1696500033140182,0.2502120733261108,-0.0701781958341598,-0.375,0.164987176656723,0.2908765375614166
95,gorse_broom,2,train,4,214.3999938964844,28.554100036621094,-0.8476079702377319,0.3590089976787567,0.0472000017762184,0.0851999968290329,0.0838999971747398,0.1897000074386596,0.3565999865531921,0.4074999988079071,0.4160000085830688,0.4456000030040741,0.2788000106811523,0.1643999963998794,0.6643328666687012,0.4334941506385803,-0.6600160002708435,0.3736172914505005,-0.1216854378581047
96,gorse_broom,2,train,300010,222.1199951171875,7.130650043487549,0.9992020130157472,4.536009788513184,0.0203000009059906,0.0337999984622001,0.0294000003486871,0.0579000003635883,0.1580999940633773,0.1910499930381775,0.189300000667572,0.2065500020980835,0.1373499929904937,0.0838000029325485,0.7311385273933411,0.3863053619861603,-0.6969968676567078,0.5315533876419067,-0.1138568073511123
97,gorse_broom,2,train,400009,259.6000061035156,11.635600090026855,0.8741570115089417,10.22700023651123,0.0397000014781951,0.0524500012397766,0.0663999989628791,0.0797500014305114,0.0840499997138977,0.092799998819828,0.0980999991297721,0.1121999993920326,0.21594999730587,0.1509999930858612,0.1927051693201065,-0.2123644948005676,-0.3032214939594269,0.103176824748516,0.3440437912940979
98,gorse_broom,2,valid,5,243.13999938964844,40.54249954223633,-0.9995729923248292,0.3999939858913421,0.0553999990224838,0.1015999987721443,0.1001999974250793,0.1982000023126602,0.3616999983787536,0.4137000143527984,0.4232000112533569,0.4679000079631805,0.2750999927520752,0.1561000049114227,0.6171188354492188,0.4610736966133117,-0.6128048896789551,0.362085610628128,-0.120974376797676
99,gorse_broom,2,train,3,171.77000427246094,20.86989974975586,0.3475199937820434,0.7939910292625427,0.0353999994695186,0.0615000016987323,0.060199998319149,0.1492000073194503,0.2517000138759613,0.2951000034809112,0.3199999928474426,0.3481000065803528,0.2273000031709671,0.1209999993443489,0.6833245754241943,0.4512471556663513,-0.6775884628295898,0.3640238344669342,-0.1056151688098907
100,exotic_pine,3,train,600010,270.54998779296875,11.317700386047363,0.4371980130672455,0.1700129956007003,0.0254999995231628,0.045499999076128,0.0375000014901161,0.070200003683567,0.2560999989509582,0.3181000053882599,0.3319999873638153,0.3463999927043915,0.1257999986410141,0.0644000023603439,0.7970229983329773,0.6750756502151489,-0.7589403986930847,0.6509199142456055,-0.3728878498077392
101,exotic_pine,3,train,100008,120.48999786376952,22.879499435424805,0.930101990699768,21.99399948120117,0.0074000000022351,0.0208000000566244,0.0201999992132186,0.0520999990403652,0.131400004029274,0.1623000055551529,0.1733999997377395,0.1915999948978424,0.1181000024080276,0.0648000016808509,0.7913223505020142,0.4559193849563598,-0.78578782081604,0.5379157662391663,-0.1331870853900909
102,exotic_pine,3,valid,400002,446.3599853515625,15.265000343322754,-0.5725150108337402,0.462006002664566,0.0375999994575977,0.0644000023603439,0.0758000016212463,0.1261000037193298,0.2526000142097473,0.3019999861717224,0.3050000071525574,0.3434000015258789,0.2066999971866607,0.1116999983787536,0.6018907427787781,0.4638828933238983,-0.6513264775276184,0.4149849116802215,-0.0961446315050125
103,exotic_pine,3,train,800009,262.29998779296875,30.60059928894043,0.8137310147285461,28.73200035095215,0.0216000005602836,0.0405000001192092,0.0378499999642372,0.0758500024676323,0.1561499983072281,0.1838999986648559,0.2032999992370605,0.2065500020980835,0.1530999988317489,0.0873000025749206,0.6860874891281128,0.3991740942001343,-0.66776043176651,0.4565645456314087,-0.0816400200128555
104,exotic_pine,3,valid,700009,323.2900085449219,39.26620101928711,0.8348609805107117,0.2909849882125854,0.047749999910593,0.0698499977588653,0.0822499990463256,0.1182999983429908,0.2220000028610229,0.2687500119209289,0.2876999974250793,0.3080500066280365,0.2064000070095062,0.1232500001788139,0.5553452968597412,0.4001703262329101,-0.6092854142189026,0.4172413945198059,-0.0749879702925682
105,exotic_pine,3,train,700010,207.22000122070312,19.309362,0.99534982,1.485990047454834,0.0206000003963708,0.0379999987781047,0.0315000005066394,0.0903000012040138,0.2355999946594238,0.295199990272522,0.2827999889850616,0.3201000094413757,0.1472000032663345,0.0826999992132186,0.7995545268058777,0.5474691987037659,-0.7630922794342041,0.5159474611282349,-0.2586599886417389
106,exotic_pine,3,train,100008,99.79000091552734,25.394399642944336,0.9242420196533204,21.011999130249023,0.0063000000081956,0.0194000005722045,0.0148999998345971,0.0395999997854232,0.1336999982595443,0.162100002169609,0.183799996972084,0.1852999925613403,0.0998999997973442,0.048200000077486,0.8500251770019531,0.584482729434967,-0.8090550899505615,0.6454789638519287,-0.2469662129878997
107,exotic_pine,3,valid,500001,0.0,0.0,0.0,0.0,0.017400000244379,0.0387500002980232,0.0222999993711709,0.0816499963402748,0.2468000054359436,0.3052000105381012,0.3091000020503998,0.3393999934196472,0.1307000070810318,0.0615000016987323,0.8654194474220276,0.6681057810783386,-0.777202844619751,0.5820857286453247,-0.361835241317749
108,exotic_pine,3,valid,700009,288.82000732421875,29.188400268554688,0.5705980062484741,0.545989990234375,0.0342499986290931,0.0555999986827373,0.0573999993503093,0.1076000034809112,0.2175000011920929,0.2666999995708465,0.3025000095367431,0.3115499913692474,0.1967999935150146,0.1055499985814094,0.6810225248336792,0.4826614558696747,-0.6894722580909729,0.4752499461174011,-0.1396903544664383
109,exotic_pine,3,valid,700009,268.1400146484375,27.56060028076172,0.9412500262260436,0.3409729897975921,0.0281000006943941,0.0560999996960163,0.0568000003695488,0.1090999990701675,0.2197999954223632,0.2698999941349029,0.3007999956607818,0.3167000114917755,0.2089000046253204,0.1141000017523765,0.68232661485672,0.4499879479408264,-0.685626208782196,0.4676750302314758,-0.1062899306416511
110,exotic_pine,3,train,100008,130.07000732421875,33.89889907836914,0.6901670098304749,29.875,0.024100000038743,0.031649999320507,0.0292499996721744,0.0529499985277652,0.1423500031232834,0.1691499948501587,0.2008000016212463,0.1981000006198883,0.1248499974608421,0.0700500011444091,0.7457074522972107,0.482739508152008,-0.7276833653450012,0.5826601386070251,-0.1868073940277099
111,exotic_pine,3,valid,400002,0.0,0.0,0.0,0.0,0.0320999994874,0.0588000006973743,0.0496999993920326,0.1098000034689903,0.295199990272522,0.3528000116348266,0.3783999979496002,0.3968999981880188,0.1650000065565109,0.0842000022530555,0.7678112387657166,0.6359705924987793,-0.7310155630111694,0.5501843094825745,-0.3131797611713409
112,exotic_pine,3,train,700010,301.5599975585937,24.536500930786133,0.983029007911682,2.1650099754333496,0.0197999998927116,0.0366000011563301,0.0395999997854232,0.067500002682209,0.1841000020503997,0.2349999994039535,0.2375999987125396,0.2567999958992004,0.1409000009298324,0.0807999968528747,0.7142857313156128,0.4924623370170593,-0.7330415844917297,0.5575221180915833,-0.1756108701229095
113,exotic_pine,3,train,100008,190.6199951171875,32.92539978027344,0.7644129991531372,0.4320070147514343,0.0450999997556209,0.0606000013649463,0.0807500034570694,0.089649997651577,0.1397999972105026,0.1696500033140182,0.2008000016212463,0.1985500007867813,0.176949992775917,0.1067499965429306,0.4263896048069,0.3058039546012878,-0.5363427400588989,0.382682055234909,0.023431284353137
114,exotic_pine,3,train,600008,373.6700134277344,18.697099685668945,0.6574680209159851,16.479000091552734,0.0103000001981854,0.0324999988079071,0.0122999995946884,0.0662000030279159,0.2829999923706054,0.3565999865531921,0.3328000009059906,0.3754000067710876,0.0895000025629997,0.0353999994695186,0.9287163019180298,0.8077132105827332,-0.8220640420913696,0.6681703925132751,-0.5423690676689148
115,exotic_pine,3,valid,700009,353.6400146484375,34.75310134887695,0.6431930065155029,0.420989990234375,0.0672499984502792,0.091449998319149,0.1140500009059906,0.1565500050783157,0.2407000064849853,0.2771500051021576,0.3052000105381012,0.3183999955654144,0.2350499927997589,0.1456499993801117,0.4559332132339477,0.3538871109485626,-0.5388882160186768,0.3219274580478668,-0.0323609113693237
116,exotic_pine,3,train,800009,332.510009765625,24.483299255371094,0.971737027168274,38.55199813842773,0.0274000000208616,0.0500999987125396,0.046799998730421,0.0948000028729438,0.1872500032186508,0.210999995470047,0.2187000066041946,0.2377000004053115,0.1694999933242797,0.1023000031709671,0.6474576592445374,0.3626168072223663,-0.6272321343421936,0.3952153027057647,-0.0644463971257209
117,exotic_pine,3,train,8,201.4900054931641,21.69540023803711,0.8137329816818237,1.3339999914169312,0.0279500000178813,0.0403999984264373,0.0427500009536743,0.0884499996900558,0.1793999969959259,0.221000000834465,0.2379000037908554,0.2546499967575073,0.1764499992132187,0.101450003683567,0.6953500509262085,0.4020922183990478,-0.709665834903717,0.4579439461231231,-0.0961756557226181
118,exotic_pine,3,train,800009,320.20001220703125,18.287302,0.94561559,30.238000869750977,0.0083999997004866,0.0193499997258186,0.0174499992281198,0.0314499996602535,0.0995000004768371,0.1283500045537948,0.1548999994993209,0.1422999948263168,0.0780500024557113,0.0392000004649162,0.7975050806999207,0.596084475517273,-0.777905285358429,0.6624631285667419,-0.2619783580303192
119,exotic_pine,3,train,700010,211.6000061035156,33.9297981262207,0.9327690005302428,0.2789919972419739,0.0232999995350837,0.0421999990940094,0.0355000011622905,0.0898000001907348,0.2549000084400177,0.3145000040531158,0.3244000077247619,0.3481000065803528,0.1509999930858612,0.0860999971628189,0.8027229905128479,0.5805115699768066,-0.7697763442993164,0.5663930773735046,-0.301759660243988
120,exotic_pine,3,train,700010,272.45001220703125,11.039799690246582,0.8905500173568726,0.164001002907753,0.0318000018596649,0.0546000003814697,0.0604000017046928,0.121799997985363,0.2485000044107437,0.2992999851703644,0.315200001001358,0.3377000093460083,0.1996999979019165,0.1186000034213066,0.6783812642097473,0.4532042443752289,-0.7047052383422852,0.4425629377365112,-0.1431395262479782
121,exotic_pine,3,train,700010,245.02999877929688,33.2588005065918,0.9891729950904846,1.1890000104904177,0.0260000005364418,0.0423999987542629,0.0366999991238117,0.0861999988555908,0.2186000049114227,0.257999986410141,0.266400009393692,0.3041000068187713,0.1521999984979629,0.0830999985337257,0.7578356862068176,0.5244635343551636,-0.7253886461257935,0.5110607147216797,-0.2150426208972931
122,exotic_pine,3,valid,700009,339.7300109863281,29.596799850463867,0.801052987575531,0.2419739961624145,0.0335500016808509,0.0511999987065792,0.0498000010848045,0.0914999991655349,0.2053000032901764,0.2497500032186508,0.2545999884605407,0.2831499874591827,0.1710499972105026,0.0963499993085861,0.6727989315986633,0.4509189128875732,-0.6651406288146973,0.4712510704994201,-0.1322200298309326
123,exotic_pine,3,train,700007,472.7300109863281,6.739500045776367,0.9836959838867188,4.445980072021484,0.025900000706315,0.0525499992072582,0.0388000011444091,0.0885000005364418,0.2687999904155731,0.320499986410141,0.3707999885082245,0.3614999949932098,0.1578499972820282,0.0820000022649765,0.810546875,0.637809157371521,-0.7517420649528503,0.614630937576294,-0.3371534347534179
124,exotic_pine,3,train,700010,210.9199981689453,12.574299812316896,0.9582890272140504,0.5180050134658813,0.0626000016927719,0.0945999994874,0.1111999973654747,0.1251000016927719,0.2407000064849853,0.2818999886512756,0.3009999990463257,0.3192999958992004,0.1880999952554702,0.1224000006914138,0.4604561030864715,0.4218233227729797,-0.52173912525177,0.4128138720989227,-0.0969980508089065
125,exotic_pine,3,train,800009,309.989990234375,17.68090057373047,0.99993097782135,37.630001068115234,0.0124500002712011,0.0243999995291233,0.0211500003933906,0.0560999996960163,0.1516000032424926,0.1875499933958053,0.1863999962806701,0.2110999971628189,0.1150999963283538,0.066600002348423,0.7961936593055725,0.4735177755355835,-0.7685009241104126,0.5373196005821228,-0.1868099123239517
126,exotic_pine,3,train,700010,316.2300109863281,45.00469970703125,0.9860870242118835,1.5429999828338623,0.0432999990880489,0.066600002348423,0.0685999989509582,0.1098000034689903,0.2116000056266784,0.2560999989509582,0.2996000051498413,0.2770000100135803,0.1878000050783157,0.1158000007271766,0.6273764371871948,0.4424650967121124,-0.6362643241882324,0.4636052846908569,-0.1443350613117218
127,exotic_pine,3,valid,700009,355.4200134277344,18.92770004272461,0.99514502286911,0.1649779975414276,0.0461000017821788,0.0704500004649162,0.0759499967098236,0.1234999969601631,0.2379499971866607,0.2917999923229217,0.3407999873161316,0.3278500139713287,0.1856500059366226,0.1030000001192092,0.6355128884315491,0.5358269214630127,-0.6573860049247742,0.4680163562297821,-0.1932150870561599
128,exotic_pine,3,valid,500002,0.0,0.0,0.0,0.0,0.0153500000014901,0.0368000008165836,0.0199500005692243,0.0648500025272369,0.2353000044822693,0.2912000119686126,0.2946000099182129,0.321150004863739,0.1195999979972839,0.0548000000417232,0.8731521368026733,0.6863194108009338,-0.777911901473999,0.6391709446907043,-0.379087895154953
129,exotic_pine,3,train,100008,139.3000030517578,50.420501708984375,0.6468669772148132,26.375,0.0346000008285045,0.0366999991238117,0.0364999994635582,0.0406000018119812,0.1270000040531158,0.1365000009536743,0.1834000051021576,0.1544999927282333,0.1106999963521957,0.0553999990224838,0.6680309176445007,0.5360134243965149,-0.6665152311325073,0.637499988079071,-0.1938664019107818
130,exotic_pine,3,train,400011,230.72000122070312,15.256099700927734,0.9486809968948364,2.1479899883270264,0.0158500000834465,0.0353499986231327,0.0465000011026859,0.0952500030398368,0.2167499959468841,0.2755500078201294,0.2822999954223633,0.3215999901294708,0.1549499928951263,0.0777999982237815,0.7171532511711121,0.5678977966308594,-0.7774279713630676,0.4954310357570648,-0.1935548484325409
131,exotic_pine,3,train,400011,220.1699981689453,28.962499618530277,0.7633879780769348,2.010999917984009,0.0135500002652406,0.0331000015139579,0.0326999984681606,0.0754500031471252,0.2287999987602234,0.2885999977588653,0.3118000030517578,0.3249000012874603,0.1290999948978424,0.0628499984741211,0.8101596832275391,0.6644868850708008,-0.8080602884292603,0.6103292107582092,-0.3357282280921936
132,exotic_pine,3,valid,700009,327.6600036621094,30.411500930786133,0.8369359970092773,0.1770019978284835,0.047749999910593,0.0698499977588653,0.0822499990463256,0.1182999983429908,0.2220000028610229,0.2687500119209289,0.2876999974250793,0.3080500066280365,0.2064000070095062,0.1232500001788139,0.5553452968597412,0.4001703262329101,-0.6092854142189026,0.4172413945198059,-0.0749879702925682
133,exotic_pine,3,valid,400002,0.0,0.0,0.0,0.0,0.0302000008523464,0.0614000000059604,0.0513999983668327,0.1127000004053115,0.2797999978065491,0.3373999893665313,0.3564000129699707,0.3772000074386596,0.1733999997377395,0.0917999967932701,0.7479156851768494,0.590361475944519,-0.7060794830322266,0.5195054411888123,-0.2646385431289673
134,exotic_pine,3,train,800009,342.9700012207031,18.073999404907227,0.7622209787368774,0.2239989936351776,0.0199500005692243,0.0328500010073185,0.0306499991565942,0.0693999975919723,0.1333999931812286,0.1606499999761581,0.1516000032424926,0.1782499998807907,0.1397500038146972,0.0834999978542327,0.6636488437652588,0.2896640002727508,-0.6438059210777283,0.3719457387924194,-0.0033630670513957
135,exotic_pine,3,valid,700009,305.1000061035156,32.83449935913086,0.8639190196990967,0.5449830293655396,0.0423500016331672,0.0571999996900558,0.0740000009536743,0.1201499998569488,0.2197500020265579,0.2608000040054321,0.2896000146865845,0.3068999946117401,0.210449993610382,0.1171000003814697,0.5929592847824097,0.4241455793380737,-0.6701269149780273,0.4135448634624481,-0.0770603865385055
136,exotic_pine,3,train,700010,217.16000366210935,7.4622697830200195,-0.2290430068969726,0.0429993011057376,0.0368000008165836,0.0562000013887882,0.0507999993860721,0.0878999978303909,0.2402999997138977,0.2845000028610229,0.315200001001358,0.3181000053882599,0.1444000005722046,0.0822999998927116,0.7224043607711792,0.5859119296073914,-0.6973613500595093,0.5638799667358398,-0.2865497171878814
137,exotic_pine,3,train,100008,145.14999389648438,30.883699417114254,0.810899019241333,0.2799989879131317,0.0190999992191791,0.0297999996691942,0.0340000018477439,0.0724000036716461,0.1425999999046325,0.1720999926328659,0.1979999989271164,0.1967999935150146,0.157600000500679,0.1000000014901161,0.7068965435028076,0.3288590610027313,-0.738366961479187,0.4644970297813415,-0.0623929426074028
138,exotic_pine,3,train,700010,289.19000244140625,28.56879997253418,0.7162389755249023,0.1940000057220459,0.0320999994874,0.0527999997138977,0.0521499998867511,0.1065500006079673,0.2188500016927719,0.2679499983787536,0.2903000116348266,0.3127500116825104,0.1916500031948089,0.1010999977588653,0.6954299807548523,0.483392983675003,-0.692218005657196,0.46302130818367,-0.1388202160596847
139,exotic_pine,3,train,200008,136.89999389648438,34.948299407958984,0.8603209853172302,22.309999465942383,0.031649999320507,0.0579500012099742,0.0676499977707862,0.1100500002503395,0.1913499981164932,0.2247499972581863,0.2603000104427337,0.2630000114440918,0.2198500037193298,0.1347000002861023,0.5874371528625488,0.3179746866226196,-0.6358209252357483,0.4056973159313202,-0.0076797101646661
140,exotic_pine,3,valid,800010,250.82000732421875,25.37360000610352,0.8803020119667053,0.343993991613388,0.0359000004827976,0.0649999976158142,0.0663999989628791,0.1177000030875206,0.2236000001430511,0.2666000127792358,0.3050000071525574,0.3190000057220459,0.209099993109703,0.1206000000238418,0.6424340605735779,0.4332706928253174,-0.6486486792564392,0.4431038498878479,-0.1060999631881713
141,exotic_pine,3,valid,700009,353.67999267578125,18.81889915466309,0.8326060175895691,0.2140199989080429,0.0493000000715255,0.0762500017881393,0.0895000025629997,0.1297000050544738,0.225500002503395,0.2614000141620636,0.293500006198883,0.2989499866962433,0.1937000006437301,0.1121999993920326,0.5326370596885681,0.4468819499015808,-0.587559163570404,0.3870510458946228,-0.0952076688408851
142,exotic_pine,3,train,800009,303.7300109863281,20.188499450683597,0.9892600178718568,34.71699905395508,0.0216499995440244,0.0383000001311302,0.0368000008165836,0.0636000037193298,0.1635999977588653,0.1976500004529953,0.225600004196167,0.2256499975919723,0.1256999969482422,0.0710999965667724,0.7195121645927429,0.5207280516624451,-0.709738552570343,0.5601659417152405,-0.2068334519863128
143,exotic_pine,3,train,800009,308.54998779296875,36.347599029541016,0.7898989915847778,0.4900209903717041,0.024100000038743,0.0472000017762184,0.0465999990701675,0.0975999981164932,0.209099993109703,0.252700001001358,0.2833999991416931,0.2937000095844269,0.1732999980449676,0.0962999984622001,0.7175757884979248,0.4927574396133423,-0.7144585251808167,0.4876640439033508,-0.1660978496074676
144,exotic_pine,3,train,100008,116.47000122070312,36.33050155639648,0.7054060101509094,2.138000011444092,0.0100999996066093,0.0242999996989965,0.0196000002324581,0.0612999983131885,0.1491000056266784,0.1894000023603439,0.1824000030755996,0.2018000036478042,0.1344999969005584,0.0714000016450882,0.805940568447113,0.4373522400856018,-0.764876663684845,0.4969224631786346,-0.1107905507087707
145,exotic_pine,3,train,200008,155.5800018310547,33.39189910888672,0.8210970163345337,0.3759920001029968,0.0153000000864267,0.0329499989748001,0.0333499982953071,0.0570000000298023,0.151199996471405,0.1901499927043914,0.2318000048398971,0.2115499973297119,0.1251499950885772,0.0671999976038932,0.7484443187713623,0.5505017042160034,-0.7510859370231628,0.6052631735801697,-0.2184418439865112
146,exotic_pine,3,train,500010,303.2699890136719,20.50860023498535,-0.8855699896812439,0.337006002664566,0.0843499973416328,0.094200000166893,0.1042999997735023,0.1210500001907348,0.2041500061750412,0.2409999966621399,0.2125000059604644,0.2716000080108642,0.2311999946832656,0.1549499928951263,0.3415404260158539,0.156619980931282,-0.3857189416885376,0.2741717994213104,0.0611211992800235
147,exotic_pine,3,train,700010,244.32000732421875,28.518400192260746,0.8971700072288513,0.3089900016784668,0.0423000007867813,0.0659999996423721,0.0741999968886375,0.1044000014662742,0.2372999936342239,0.2904999852180481,0.3107999861240387,0.3382000029087066,0.1861000061035156,0.1041999980807304,0.614545464515686,0.4978313148021698,-0.6496815085411072,0.4971098005771637,-0.1512878835201263
148,exotic_pine,3,train,100008,107.05999755859376,35.828800201416016,0.8812469840049744,30.17200088500977,0.0220999997109174,0.0417999997735023,0.0494000017642974,0.0832000002264976,0.1903000026941299,0.226500004529953,0.251800000667572,0.2486999928951263,0.1696999967098236,0.0921000018715858,0.671978771686554,0.4643791615962982,-0.7152588367462158,0.5032835602760315,-0.1111561879515647
149,exotic_pine,3,train,7,261.3699951171875,20.92350006103516,0.6702330112457275,0.1799930036067962,0.0577999986708164,0.0900000035762786,0.1106000021100044,0.1727000027894973,0.2407000064849853,0.2703999876976013,0.3086000084877014,0.3273999989032745,0.2939999997615814,0.1781000047922134,0.472328245639801,0.2681323289871216,-0.5484194755554199,0.2823602855205536,0.0495460368692874
150,broadleaf_scrub,4,valid,300006,180.19000244140625,31.516599655151367,0.9927409887313844,0.3069919943809509,0.0373999997973442,0.064300000667572,0.0689999982714653,0.1218999996781349,0.2270500063896179,0.2672500014305115,0.3037999868392944,0.310699999332428,0.2416500002145767,0.1365499943494796,0.6298283338546753,0.3798115253448486,-0.6506384015083313,0.4272961914539337,-0.0468665920197963
151,broadleaf_scrub,4,train,200003,342.6700134277344,10.685400009155272,0.8678349852561951,0.093994103372097,0.0517500005662441,0.0694499984383583,0.0711999982595443,0.1051499992609024,0.1761000007390976,0.2072000056505203,0.2388000041246414,0.2425500005483627,0.1666499972343444,0.0988000035285949,0.540645182132721,0.4146919250488281,-0.5493917465209961,0.388573944568634,-0.0997350662946701
152,broadleaf_scrub,4,valid,200002,356.19000244140625,9.314709663391112,-0.2514840066432953,0.0740050971508026,0.0280000008642673,0.0561500005424022,0.0426499992609024,0.1209999993443489,0.3183000087738037,0.3973999917507171,0.4284000098705292,0.4547500014305115,0.1832000017166137,0.09009999781847,0.8189151883125305,0.6524590253829956,-0.7682386040687561,0.5595194697380066,-0.3379260003566742
153,broadleaf_scrub,4,train,600006,413.3599853515625,18.015199661254883,0.5458120107650757,1.9290200471878047,0.0137499999254941,0.0338499993085861,0.0206000003963708,0.0820500031113624,0.2724500000476837,0.3389500081539154,0.31700000166893,0.3715499937534332,0.1412000060081482,0.0699499994516372,0.8779621124267578,0.6384545564651489,-0.8070400357246399,0.5887733101844788,-0.3430108428001404
154,broadleaf_scrub,4,train,3,188.77999877929688,17.03059959411621,0.7875990271568298,0.5789949893951416,0.0313999988138675,0.0667999982833862,0.0579000003635883,0.1401000022888183,0.2833999991416931,0.3368000090122223,0.3707999885082245,0.3882000148296356,0.2009000033140182,0.0989999994635582,0.7298810482025146,0.5785440802574158,-0.6946983337402344,0.4515560567378998,-0.216944009065628
155,broadleaf_scrub,4,valid,100009,86.47000122070312,27.73539924621582,-0.6109769940376282,2.2980000972747803,0.0465000011026859,0.0847000032663345,0.0805500000715255,0.1685499995946884,0.3495999872684479,0.4132499992847442,0.4375999867916107,0.477400004863739,0.2533999979496002,0.1353500038385391,0.6890861392021179,0.5275329351425171,-0.6756653189659119,0.443867027759552,-0.1835462301969528
156,broadleaf_scrub,4,train,200003,336.20001220703125,18.72830009460449,0.9991769790649414,0.1829829961061477,0.0335999988019466,0.05180000141263,0.0586000010371208,0.1133999973535537,0.2197999954223632,0.260699987411499,0.2930000126361847,0.3199999928474426,0.1728000044822693,0.0864999964833259,0.6666666865348816,0.5441370606422424,-0.6995359659194946,0.4419291615486145,-0.1706093251705169
157,broadleaf_scrub,4,valid,700000,230.63999938964844,33.230201721191406,-0.8547880053520203,2.3050100803375244,0.0217000003904104,0.061999998986721,0.0309999994933605,0.1238000020384788,0.4172999858856201,0.5013999938964844,0.5551999807357788,0.5425999760627747,0.186499997973442,0.0790999978780746,0.8942340612411499,0.7505912184715271,-0.7990926504135132,0.6353460550308228,-0.4524168968200683
158,broadleaf_scrub,4,train,400005,254.9600067138672,26.037900924682617,0.5884789824485779,6.481979846954346,0.0159000009298324,0.05180000141263,0.0265999995172023,0.1098999977111816,0.3470999896526336,0.4395999908447265,0.4968000054359436,0.4733000099658966,0.1937000006437301,0.09740000218153,0.8983569145202637,0.672164261341095,-0.8111556768417358,0.6377122402191162,-0.3989085853099823
159,broadleaf_scrub,4,train,400006,258.8999938964844,40.19869995117188,0.4053109884262085,0.3540039956569671,0.0406000018119812,0.0612999983131885,0.0706000030040741,0.1039000004529953,0.1787000000476837,0.2055000066757202,0.2225999981164932,0.2475000023841858,0.2339999973773956,0.1388999968767166,0.5184174180030823,0.2315352708101272,-0.5681577920913696,0.363552838563919,0.0729129984974861
160,broadleaf_scrub,4,train,600003,395.6799926757813,9.64527988433838,0.8973439931869507,9.757019996643066,0.0254999995231628,0.0507499985396862,0.0346999987959861,0.091449998319149,0.2640999853610992,0.3316999971866607,0.3549999892711639,0.368800014257431,0.1620499938726425,0.0799999982118606,0.8219143152236938,0.6321839094161987,-0.7498459815979004,0.5903236865997314,-0.3183196187019348
161,broadleaf_scrub,4,valid,100002,232.4199981689453,38.06769943237305,-0.1548130065202713,1.8109999895095823,0.0694499984383583,0.1000000014901161,0.1122500002384185,0.1824000030755996,0.3156999945640564,0.3692499995231628,0.38960000872612,0.4323000013828277,0.2469500005245208,0.1351000070571899,0.5526551604270935,0.4850390553474426,-0.5915032625198364,0.3622377514839172,-0.1220287233591079
162,broadleaf_scrub,4,train,200008,66.37999725341797,22.04980087280273,0.2468910068273544,1.3200000524520874,0.0415499992668628,0.0688999965786933,0.0631000027060508,0.1097500026226043,0.2318000048398971,0.2707499861717224,0.2700999975204468,0.3018999993801117,0.217299997806549,0.1266999989748001,0.6212484836578369,0.3613911271095276,-0.5935103297233582,0.4221403002738952,-0.0527826994657516
163,broadleaf_scrub,4,valid,200002,316.0299987792969,21.67659950256348,-0.889976978302002,0.1809999942779541,0.0310999993234872,0.0592000000178813,0.0564000010490417,0.1199000030755996,0.3048000037670135,0.3774000108242035,0.373199999332428,0.4291000068187713,0.1861999928951263,0.0970999971032142,0.7374301552772522,0.5870720744132996,-0.7261794805526733,0.5136889219284058,-0.2499613612890243
164,broadleaf_scrub,4,train,3,194.7400054931641,23.317100524902344,0.3422130048274994,0.1770019978284835,0.0469999983906745,0.0737999975681305,0.0864000022411346,0.1445000022649765,0.2395499944686889,0.276199996471405,0.3000999987125397,0.3250499963760376,0.2016000002622604,0.1067499965429306,0.5529107451438904,0.4752365946769714,-0.6052420735359192,0.3499774932861328,-0.0930562019348144
165,broadleaf_scrub,4,train,3,198.0399932861328,19.832500457763672,0.4262970089912414,0.5559999942779541,0.032600000500679,0.0597999989986419,0.0597999989986419,0.1316000074148178,0.263399988412857,0.3165000081062317,0.3407999873161316,0.3772000074386596,0.2014999985694885,0.1010999977588653,0.7014478445053101,0.5424304008483887,-0.7014478445053101,0.4428450167179107,-0.1766188591718673
166,broadleaf_scrub,4,train,4,178.41000366210938,21.35759925842285,0.5050709843635559,0.085998497903347,0.0340000018477439,0.0702999979257583,0.0560999996960163,0.1429000049829483,0.2775000035762787,0.3237999975681305,0.3675999939441681,0.3768999874591827,0.2019000053405761,0.1045000031590461,0.7351899743080139,0.5572971701622009,-0.6789221167564392,0.4401566982269287,-0.2177076935768127
167,broadleaf_scrub,4,valid,100002,275.2699890136719,17.651500701904297,-0.1885479986667633,0.2440190017223358,0.0373000018298625,0.0680999979376792,0.0631999969482421,0.1485999971628189,0.2572999894618988,0.3001999855041504,0.3391999900341034,0.3583000004291534,0.2027000039815902,0.1033999994397163,0.6858847141265869,0.5327609777450562,-0.6656027436256409,0.3907338976860046,-0.1721668690443039
168,broadleaf_scrub,4,train,100004,221.9199981689453,27.117900848388672,0.9738950133323668,0.2610020041465759,0.0342000015079975,0.0777999982237815,0.0658000037074089,0.1665000021457672,0.326799988746643,0.3673000037670135,0.3880000114440918,0.4217999875545501,0.2416000068187713,0.128600001335144,0.7100043892860413,0.502129316329956,-0.6659510731697083,0.3994589745998382,-0.157346487045288
169,broadleaf_scrub,4,train,100010,76.87000274658203,32.56370162963867,0.5637009739875793,0.3989939987659454,0.0769499987363815,0.1052000001072883,0.1495999991893768,0.1886499971151352,0.2293999940156936,0.259550005197525,0.3125,0.3088499903678894,0.3400500118732452,0.2136500030755996,0.3525210916996002,0.1878741681575775,-0.4962891936302185,0.2471316009759903,0.1139802187681198
170,broadleaf_scrub,4,train,200009,95.33999633789062,30.465900421142575,-0.856365978717804,0.853003978729248,0.047699999064207,0.0907000005245208,0.0856499969959259,0.1786500066518783,0.3559499979019165,0.416700005531311,0.4472000002861023,0.4787499904632568,0.2809999883174896,0.1518999934196472,0.6785211563110352,0.4929060339927673,-0.6627625823020935,0.4290964007377624,-0.1488596349954605
171,broadleaf_scrub,4,train,200009,142.50999450683594,30.69219970703125,-0.3601079881191253,1.6679999828338623,0.0450000017881393,0.0874499976634979,0.0885000005364418,0.1674000024795532,0.311599999666214,0.3743000030517578,0.4216000139713287,0.4337500035762787,0.2597500085830688,0.1439999938011169,0.6530092358589172,0.4908062517642975,-0.6564188599586487,0.4315789639949798,-0.1452414542436599
172,broadleaf_scrub,4,valid,100003,229.2100067138672,25.59550094604492,0.9994239807128906,0.2090000063180923,0.0461999997496604,0.0816000029444694,0.0873999968171119,0.1601999998092651,0.2705000042915344,0.3172999918460846,0.3479999899864197,0.384799987077713,0.2486000061035156,0.1391000002622604,0.598530113697052,0.4288646876811981,-0.6201117038726807,0.3695395290851593,-0.0797041729092598
173,broadleaf_scrub,4,train,200003,343.8599853515625,13.245200157165527,0.5098080039024353,0.1690060049295425,0.034400001168251,0.0610000006854534,0.0573999993503093,0.1257999986410141,0.2569000124931335,0.3055999875068664,0.3375999927520752,0.3668999969959259,0.1888000071048736,0.0975999981164932,0.7093670964241028,0.5514705777168274,-0.6939287185668945,0.4570565223693847,-0.2034939974546432
174,broadleaf_scrub,4,train,200009,113.41000366210938,25.082399368286133,-0.5448009967803955,2.5649900436401367,0.0365500003099441,0.0762000009417533,0.0571999996900558,0.1431999951601028,0.3819000124931335,0.4582999944686889,0.4672000110149383,0.5011000037193298,0.226500004529953,0.1173499971628189,0.7818459272384644,0.5984945893287659,-0.7195436358451843,0.5307995080947876,-0.2794463038444519
175,broadleaf_scrub,4,train,100004,209.4600067138672,20.11529922485352,0.9795169830322266,0.2919920086860657,0.0408999994397163,0.0750000029802322,0.0644999966025352,0.1573999971151352,0.369700014591217,0.4199999868869781,0.4648000001907348,0.484499990940094,0.2366999983787536,0.1211000010371208,0.7562819123268127,0.5866189002990723,-0.7221192717552185,0.4940533638000488,-0.2534390985965729
176,broadleaf_scrub,4,train,200008,80.81999969482422,33.22829818725586,-0.6131479740142822,4.460999965667725,0.0119000002741813,0.0443000011146068,0.0197999998927116,0.1013000011444091,0.3762499988079071,0.4709999859333038,0.4747999906539917,0.5069500207901001,0.1835000067949295,0.0816499963402748,0.9199352860450744,0.7065324783325195,-0.829319953918457,0.6483249068260193,-0.4107246100902557
177,broadleaf_scrub,4,train,300008,214.92999267578125,45.84099960327149,-0.5680720210075378,2.418009996414185,0.0262499991804361,0.0676999986171722,0.0377499982714653,0.1169499978423118,0.3546499907970428,0.4327000081539154,0.5293999910354614,0.4776999950408935,0.2003500014543533,0.0979000031948089,0.8668782711029053,0.6878686547279358,-0.7732372879981995,0.6381217837333679,-0.4000629782676697
178,broadleaf_scrub,4,train,600000,296.7699890136719,34.85960006713867,-0.7160199880599976,1.9250199794769287,0.0251000002026557,0.0759999975562095,0.0287999995052814,0.1379999965429306,0.4625000059604645,0.5616000294685364,0.578000009059906,0.5917999744415283,0.1824000030755996,0.0764999985694885,0.9050757884979248,0.7662338018417358,-0.7675840854644775,0.6145251393318176,-0.4812722504138946
179,broadleaf_scrub,4,train,600003,398.1900024414063,13.255200386047363,0.9710659980773926,0.2019959986209869,0.0199999995529651,0.0425500012934207,0.0302000008523464,0.091449998319149,0.2640999853610992,0.3316999971866607,0.3267000019550323,0.368800014257431,0.1620499938726425,0.0799999982118606,0.830764889717102,0.6065896153450012,-0.7695328593254089,0.5625971555709839,-0.2865757644176483
180,broadleaf_scrub,4,train,100010,71.18000030517578,36.23799896240234,-0.8988159894943237,1.3020000457763672,0.0313000008463859,0.0559000000357627,0.0379999987781047,0.1089999973773956,0.3023500144481659,0.3677499890327453,0.4065999984741211,0.4052000045776367,0.1926999986171722,0.1050499975681305,0.8290598392486572,0.5893677473068237,-0.758270263671875,0.5771916508674622,-0.3099012970924377
181,broadleaf_scrub,4,train,200010,171.64999389648438,19.920000076293945,-0.0793375968933105,0.2270050048828125,0.0148499999195337,0.0370999984443187,0.0251499991863966,0.0768499970436096,0.2129999995231628,0.260699987411499,0.2937000095844269,0.2933500111103058,0.1613499969244003,0.0809499993920326,0.8422455787658691,0.5678633451461792,-0.7756953239440918,0.5852112174034119,-0.2465407848358154
182,broadleaf_scrub,4,train,3,204.0399932861328,29.340200424194336,0.8606129884719849,0.3940120041370392,0.0328000001609325,0.06700000166893,0.0586000010371208,0.1384000033140182,0.287200003862381,0.3375999927520752,0.3675999939441681,0.3925999999046325,0.2107000052928924,0.1080000028014183,0.7250117063522339,0.5458368062973022,-0.6916704773902893,0.4529644250869751,-0.1957592815160751
183,broadleaf_scrub,4,train,600002,413.7799987792969,37.4385986328125,0.4898000061511993,1.235990047454834,0.0216499995440244,0.0464500002562999,0.034400001168251,0.1053000018000602,0.2736499905586242,0.3246000111103058,0.3398000001907348,0.3666000068187713,0.1805499941110611,0.0903000012040138,0.8161410689353943,0.5800976753234863,-0.759482204914093,0.5268478989601135,-0.2541637718677521
184,broadleaf_scrub,4,valid,100003,222.6199951171875,17.441200256347656,0.6405680179595947,0.2270050048828125,0.0326999984681606,0.066600002348423,0.0597999989986419,0.150299996137619,0.2860000133514404,0.3379999995231628,0.3659999966621399,0.3978999853134155,0.2092999964952469,0.1055999994277954,0.7191169857978821,0.5521628260612488,-0.6920943260192871,0.4177803695201874,-0.1940700858831405
185,broadleaf_scrub,4,train,200009,165.36000061035156,27.422399520874023,-0.4625599980354309,6.011000156402588,0.0217000003904104,0.0586000010371208,0.0307999998331069,0.1241500005125999,0.4528500139713287,0.5404499769210815,0.5198000073432922,0.5927000045776367,0.2133000046014785,0.09740000218153,0.888122022151947,0.6843810677528381,-0.797372043132782,0.6144110560417175,-0.3785641491413116
186,broadleaf_scrub,4,valid,100009,68.1500015258789,30.71619987487793,-0.7237399816513062,0.8509979844093323,0.0452000014483928,0.0824000015854835,0.0848999992012977,0.1634999960660934,0.3093999922275543,0.3720999956130981,0.3995999991893768,0.4221999943256378,0.2493000030517578,0.1360999941825866,0.649535596370697,0.491879791021347,-0.6580913066864014,0.4192861020565033,-0.1419768929481506
187,broadleaf_scrub,4,valid,100002,228.50999450683597,21.46940040588379,-0.0635690987110138,0.1850129961967468,0.063799999654293,0.101000003516674,0.1191999986767768,0.1876499950885772,0.3091500103473663,0.3579500019550323,0.4058000147342682,0.4108999967575073,0.2543500065803528,0.1395500004291534,0.5459047555923462,0.4882185757160187,-0.6014207005500793,0.367596298456192,-0.113918051123619
188,broadleaf_scrub,4,valid,300006,200.25,28.883699417114254,0.8225209712982178,0.4700010120868683,0.0326999984681606,0.050500001758337,0.0573999993503093,0.0966000035405159,0.1851000040769577,0.2096000015735626,0.218199998140335,0.2430000007152557,0.2245000004768371,0.1368999928236007,0.5834543108940125,0.2289496064186096,-0.6241161227226257,0.3862769901752472,0.0581831894814968
189,broadleaf_scrub,4,valid,200002,317.6300048828125,17.888599395751953,-0.9101020097732544,0.3169859945774078,0.0190999992191791,0.050500001758337,0.0324500016868114,0.1095499992370605,0.3614000082015991,0.4511500000953674,0.4117999970912933,0.4850000143051147,0.1647499948740005,0.0751999989151954,0.8539111018180847,0.6911704540252686,-0.7815271615982056,0.5797448754310608,-0.3720745146274566
190,broadleaf_scrub,4,train,400006,227.6100006103516,26.59499931335449,0.5442860126495361,3.835010051727295,0.0229000002145767,0.0466499999165535,0.0359500013291835,0.0992999970912933,0.2282499969005584,0.2757500112056732,0.3339999914169311,0.3154000043869018,0.2057500034570694,0.1114000007510185,0.8056493997573853,0.4997754693031311,-0.7548929452896118,0.541657030582428,-0.1924490332603454
191,broadleaf_scrub,4,train,500007,387.1499938964844,15.272899627685549,0.0640954002737999,0.2010190039873123,0.0259499996900558,0.0544500015676021,0.0406499989330768,0.1158500015735626,0.3086000084877014,0.3831000030040741,0.4146000146865845,0.4314000010490417,0.1840000003576278,0.0913499966263771,0.8214167952537537,0.6388971209526062,-0.7678285837173462,0.5632010698318481,-0.3245640695095062
192,broadleaf_scrub,4,train,500004,333.7699890136719,22.808500289916992,0.5498949885368347,1.8919999599456787,0.0196000002324581,0.0454000011086463,0.0300999991595745,0.0967499986290931,0.2909500002861023,0.3578000068664551,0.3282000124454498,0.4018999934196472,0.1601999998092651,0.0725499987602233,0.8319844007492065,0.6379289031028748,-0.7569593191146851,0.5446523427963257,-0.2926965355873108
193,broadleaf_scrub,4,train,3,201.8000030517578,18.38759994506836,0.2707470059394836,0.3609920144081116,0.0318000018596649,0.0604000017046928,0.0568999983370304,0.1298000067472458,0.2698000073432922,0.3255999982357025,0.3551999926567077,0.389299988746643,0.2029000073671341,0.1019999980926513,0.7238534092903137,0.5538057684898376,-0.7093358635902405,0.4647422432899475,-0.1966604590415954
194,broadleaf_scrub,4,train,600003,399.4800109863281,15.048399925231934,0.7299789786338806,3.4230000972747803,0.0187999997287988,0.0455499999225139,0.0245999991893768,0.092299997806549,0.3127500116825104,0.3946999907493591,0.4040000140666961,0.4248000085353851,0.1536000072956085,0.067900002002716,0.8852076530456543,0.7122271656990051,-0.7973529100418091,0.6280475854873657,-0.4069883525371551
195,broadleaf_scrub,4,train,3,165.24000549316406,19.54610061645508,0.2499859929084777,0.3219909965991974,0.049150001257658,0.0816999971866607,0.0920000001788139,0.1747500002384185,0.3021000027656555,0.3458499908447265,0.3574000000953674,0.4030500054359436,0.2680999934673309,0.1457500010728836,0.5905652046203613,0.420649915933609,-0.6278752088546753,0.343230277299881,-0.0605882853269577
196,broadleaf_scrub,4,train,200008,86.1500015258789,38.32590103149414,0.9219020009040833,1.2170000076293943,0.0370500013232231,0.0700000002980232,0.0744500011205673,0.1198000013828277,0.2423000037670135,0.2892000079154968,0.3210999965667724,0.337799996137619,0.2313500046730041,0.1263000071048736,0.6235620975494385,0.4354045391082763,-0.6420353055000305,0.4565660953521728,-0.0788462832570076
197,broadleaf_scrub,4,valid,300006,178.8300018310547,21.747299194335938,0.9996020197868348,6.418990135192871,0.0208500009030103,0.0439999997615814,0.0358499996364116,0.0961999967694282,0.2112500071525573,0.2513499855995178,0.2845000028610229,0.2834500074386596,0.2039999961853027,0.1098999977111816,0.7761822938919067,0.4426977932453155,-0.7321156859397888,0.4946151971817016,-0.1201394125819206
198,broadleaf_scrub,4,train,3,221.77999877929688,11.59910011291504,-0.4202130138874054,0.1510010063648224,0.0562999993562698,0.0873000025749206,0.1053500026464462,0.1629000008106231,0.26664999127388,0.3111999928951263,0.3515999913215637,0.3689999878406524,0.2400999963283538,0.1336999982595443,0.5388991832733154,0.4490006268024444,-0.6021872758865356,0.3667638301849365,-0.082896389067173
199,broadleaf_scrub,4,valid,200002,325.4100036621094,19.43919944763184,-0.7614930272102356,0.8119810223579407,0.0878999978303909,0.1115000024437904,0.1216000020503997,0.1550499945878982,0.2581000030040741,0.2964499890804291,0.3452000021934509,0.3318000137805938,0.2161000072956085,0.1284999996423721,0.4790059924125671,0.4574625194072723,-0.5117144584655762,0.380109965801239,-0.123767502605915
200,cleared_pine,5,train,100008,178.0,32.532798767089844,0.1998829990625381,1.0499999523162842,0.0920000001788139,0.1191999986767768,0.1490000039339065,0.1961999982595443,0.266400009393692,0.2998000085353851,0.3332000076770782,0.3510999977588653,0.2879999876022339,0.1802999973297119,0.3819991648197174,0.2977604866027832,-0.4730327129364013,0.2587835490703583,0.0136859007179737
201,cleared_pine,5,valid,9,133.8300018310547,24.684499740600582,0.7071030139923096,1.1610000133514404,0.0419999994337558,0.0710000023245811,0.0926000028848648,0.1459999978542328,0.2198999971151352,0.252700001001358,0.2962000072002411,0.3088000118732452,0.2878000140190124,0.1650000065565109,0.5236625671386719,0.2844752669334411,-0.6132897734642029,0.3396653234958648,0.0587253123521804
202,cleared_pine,5,train,100006,267.9700012207031,14.952899932861328,0.7863280177116394,0.2309879958629608,0.0544000007212162,0.0786999985575676,0.0945999994874,0.1476999968290329,0.2506000101566314,0.2904999852180481,0.3019999861717224,0.3285999894142151,0.2782000005245209,0.1632000058889389,0.5229450464248657,0.2983662486076355,-0.5865510702133179,0.3431176245212555,0.022490419447422
203,cleared_pine,5,train,100008,121.93000030517578,30.566999435424805,0.9439250230789183,21.804000854492188,0.0214000009000301,0.0412000007927417,0.0359999984502792,0.0890000015497207,0.1720000058412552,0.2162999957799911,0.2194000035524368,0.2479999959468841,0.1951999962329864,0.1088000014424324,0.7180892825126648,0.3369896411895752,-0.6838065981864929,0.4228274822235107,-0.0203390046954154
204,cleared_pine,5,train,100008,187.3699951171875,23.18980026245117,0.3939110040664673,1.133999943733215,0.0631000027060508,0.0856000036001205,0.1092000007629394,0.155349999666214,0.2262499928474426,0.2615000009536743,0.2987000048160553,0.3097999989986419,0.2687000036239624,0.1608999967575073,0.4645746648311615,0.2998259663581848,-0.5545147061347961,0.3157141506671905,0.0217655766755342
205,cleared_pine,5,train,100008,190.3000030517578,25.145000457763672,0.223688006401062,1.093000054359436,0.060649998486042,0.0791499987244606,0.0939000025391578,0.1349499970674514,0.1880999952554702,0.220100000500679,0.2425999939441681,0.2519499957561493,0.2375999987125396,0.1397500038146972,0.4419019222259521,0.2689943611621856,-0.5080031156539917,0.2851277887821197,0.0445057265460491
206,cleared_pine,5,valid,700009,401.5199890136719,20.13360023498535,0.9649199843406676,0.3760069906711578,0.0275500006973743,0.0505499988794326,0.0456000007688999,0.1002999991178512,0.2395000010728836,0.2987000048160553,0.3386000096797943,0.3312999904155731,0.1510500013828277,0.092799998819828,0.7626236081123352,0.5697728395462036,-0.7402030229568481,0.542948305606842,-0.3011727035045624
207,cleared_pine,5,train,700008,442.5299987792969,31.208499908447266,0.5096369981765747,0.7470089793205261,0.0338499993085861,0.0617000013589859,0.0434000007808208,0.0812000036239624,0.243599995970726,0.3055500090122223,0.3253999948501587,0.335750013589859,0.1254999935626983,0.0648500025272369,0.764642059803009,0.6676489114761353,-0.6812193393707275,0.6005902290344238,-0.3604089915752411
208,cleared_pine,5,valid,300006,279.2799987792969,28.40970039367676,0.5407620072364807,0.3240050077438354,0.0430000014603138,0.0766000002622604,0.0900000035762786,0.152999997138977,0.213699996471405,0.2393999993801117,0.2878000140190124,0.2931999862194061,0.2887000143527984,0.1680999994277954,0.5235574245452881,0.2625575959682464,-0.5795828700065613,0.3058076500892639,0.0675123333930969
209,cleared_pine,5,valid,200005,334.4599914550781,7.288430213928223,0.0781743973493576,0.0490112006664276,0.0425000004470348,0.0710000023245811,0.0866999998688697,0.1457999944686889,0.2639999985694885,0.2906000018119812,0.3086000084877014,0.3499000072479248,0.2349999994039535,0.1344999969005584,0.5613458156585693,0.3929135799407959,-0.6259220242500305,0.3582746684551239,-0.0436979942023754
210,cleared_pine,5,valid,9,94.66999816894533,33.02159881591797,0.300025999546051,1.7380000352859497,0.0653000026941299,0.0899000018835067,0.1262000054121017,0.1625999957323074,0.213699996471405,0.2486000061035156,0.2847000062465668,0.3028999865055084,0.3091000020503998,0.1840000003576278,0.3857386112213135,0.214849591255188,-0.520021378993988,0.2729711830615997,0.1086209043860435
211,cleared_pine,5,train,100008,189.4499969482422,19.252199172973636,0.7587490081787109,0.1699980050325393,0.0621999986469745,0.0820000022649765,0.1092000007629394,0.1564999967813491,0.2134999930858612,0.2432000041007995,0.2720000147819519,0.2924000024795532,0.2587999999523163,0.1544999927282333,0.4270724356174469,0.2754983007907867,-0.5367231965065002,0.2695449590682983,0.0481344163417816
212,cleared_pine,5,train,8,211.0800018310547,20.05680084228516,-0.0855942964553833,2.220989942550659,0.0569499991834163,0.0753000006079673,0.091399997472763,0.124449998140335,0.1783999949693679,0.2034499943256378,0.2275000065565109,0.242249995470047,0.2395000010728836,0.1464000046253204,0.426779568195343,0.2169029116630554,-0.502642035484314,0.2927972972393036,0.0754854828119278
213,cleared_pine,5,valid,600009,359.3900146484375,14.130800247192385,0.8440709710121155,12.571000099182127,0.032600000500679,0.0626000016927719,0.0531999990344047,0.0952000021934509,0.3192000091075897,0.3955000042915344,0.4131999909877777,0.4341000020503998,0.1418000012636184,0.0720999985933303,0.7718696594238281,0.7028642296791077,-0.7368642091751099,0.625491738319397,-0.3913857638835907
214,cleared_pine,5,train,500010,309.7300109863281,3.807199954986572,-0.4696559906005859,0.0959777981042862,0.014050000347197,0.0370999984443187,0.0256999991834163,0.0664499998092651,0.2345999926328659,0.3048999905586242,0.3174999952316284,0.3291000127792358,0.1303000003099441,0.0724000036716461,0.8502330780029297,0.6286227107048035,-0.7907501459121704,0.6538611650466919,-0.3600656390190124
215,cleared_pine,5,train,100008,204.8800048828125,20.346900939941406,0.0674180015921592,0.4539949893951416,0.0676999986171722,0.0890000015497207,0.1064999997615814,0.1523499935865402,0.2127500027418136,0.2454500049352646,0.2702000141143799,0.2791999876499176,0.2430499941110611,0.1565500050783157,0.4345633387565613,0.2663151919841766,-0.5044543743133545,0.2789019346237182,0.0169466603547334
216,cleared_pine,5,train,500009,367.260009765625,4.867219924926758,0.9982709884643556,0.1829829961061477,0.0197500009089708,0.0283499993383884,0.0197999998927116,0.045899998396635,0.1876499950885772,0.2508000135421753,0.2551000118255615,0.2773500084877014,0.0832000002264976,0.0417999997735023,0.8559476137161255,0.7184237241744995,-0.7999647259712219,0.695016622543335,-0.4548101425170898
217,cleared_pine,5,train,400011,264.989990234375,11.792799949645996,0.9399710297584534,1.3460099697113037,0.0110499998554587,0.025000000372529,0.0190500002354383,0.0606000013649463,0.2056999951601028,0.2644500136375427,0.2806999981403351,0.2890500128269195,0.1168999969959259,0.0613499991595745,0.8728940486907959,0.6412805318832397,-0.8364409804344177,0.6448872089385986,-0.3642740249633789
218,cleared_pine,5,valid,9,122.2699966430664,36.280799865722656,0.0289510004222393,0.5930020213127136,0.0481499992311,0.0707999989390373,0.091399997472763,0.1370999962091446,0.213249996304512,0.2500999867916107,0.2782999873161316,0.2965500056743622,0.2711000144481659,0.1534000039100647,0.5055450201034546,0.2893212437629699,-0.59438556432724,0.3399133384227752,0.0523260384798049
219,cleared_pine,5,train,700008,444.6199951171875,25.462400436401367,0.9844110012054444,1.409000039100647,0.033050000667572,0.0553499981760978,0.0526000000536441,0.0872500017285347,0.2515999972820282,0.3165000081062317,0.3350000083446502,0.3499000072479248,0.1411499977111816,0.0737499967217445,0.7285861968994141,0.6391437649726868,-0.716408371925354,0.5867376923561096,-0.3102527856826782
220,cleared_pine,5,train,10,108.62999725341795,22.093799591064453,0.6528159976005554,0.5440059900283813,0.0587499998509883,0.0852499976754188,0.1080000028014183,0.1580999940633773,0.1874500066041946,0.2078499943017959,0.2146999984979629,0.2243999987840652,0.2664499878883362,0.178299993276596,0.3306476473808288,0.0926208794116973,-0.4315719306468963,0.1518240422010421,0.1558882445096969
221,cleared_pine,5,train,8,167.6199951171875,25.6830997467041,0.9383440017700196,0.4980010092258453,0.0531000010669231,0.0747999995946884,0.0848999992012977,0.1296499967575073,0.1891500055789947,0.2175000011920929,0.2384999990463256,0.2680000066757202,0.276199996471405,0.1650999933481216,0.4749536216259002,0.181863248348236,-0.5225024223327637,0.2956675291061401,0.1064807623624801
222,cleared_pine,5,valid,300005,331.3500061035156,13.230999946594238,0.5741689801216125,0.3719789981842041,0.0373999997973442,0.066500000655651,0.0636999979615211,0.1353999972343444,0.2542999982833862,0.3012000024318695,0.3140000104904175,0.3388999998569488,0.2208999991416931,0.1222999989986419,0.6626952886581421,0.4393765926361084,-0.6504599452018738,0.3974187970161438,-0.1050314679741859
223,cleared_pine,5,train,400011,237.2100067138672,13.37119960784912,-0.1104279980063438,0.2419890016317367,0.0354500003159046,0.0612999983131885,0.0714500024914741,0.1199999973177909,0.2224999964237213,0.2536500096321106,0.278899997472763,0.2891499996185303,0.2064000070095062,0.1225999966263771,0.5921221375465393,0.3892901837825775,-0.639623761177063,0.3983454704284668,-0.0616345629096031
224,cleared_pine,5,train,700008,432.55999755859375,17.501100540161133,0.459852010011673,1.3450000286102295,0.0044499998912215,0.0165999997407197,0.0093999998643994,0.032999999821186,0.1877000033855438,0.2635500133037567,0.2755999863147735,0.2847000062465668,0.0671000033617019,0.0291499998420476,0.934035062789917,0.8086956739425659,-0.8863791823387146,0.7861309051513672,-0.5708876252174377
225,cleared_pine,5,valid,300006,309.3699951171875,17.03860092163086,0.4731230139732361,0.1379999965429306,0.0458000004291534,0.0746999979019165,0.0891999974846839,0.1480000019073486,0.2369000017642974,0.265500009059906,0.2955999970436096,0.3129000067710876,0.2698999941349029,0.1534000039100647,0.5363825559616089,0.3167037665843963,-0.5965433716773987,0.3327321708202362,0.0252676587551832
226,cleared_pine,5,train,100008,155.5399932861328,35.58610153198242,0.9852370023727416,0.3740079998970032,0.0265999995172023,0.0369499996304512,0.0434000007808208,0.093649998307228,0.1660999953746795,0.2025499939918518,0.178299993276596,0.224600002169609,0.1805000007152557,0.1032999977469444,0.608479917049408,0.2663352191448211,-0.6566782593727112,0.3112704455852508,0.0443097241222858
227,cleared_pine,5,train,100008,181.5500030517578,17.661500930786133,0.6242179870605469,1.235990047454834,0.0472000017762184,0.0771000012755394,0.0835999995470047,0.1371999979019165,0.2486000061035156,0.2896000146865845,0.3404000103473663,0.3427000045776367,0.2632000148296356,0.1515000015497207,0.6056603789329529,0.3840211629867553,-0.6306586861610413,0.4254606664180755,-0.0555555522441864
228,cleared_pine,5,valid,600009,377.0,18.492000579833984,0.5232620239257812,0.9859920144081116,0.02364999987185,0.0401999987661838,0.0295499991625547,0.068400003015995,0.2230000048875808,0.2928000092506408,0.3057000041007995,0.3182500004768371,0.1048500016331672,0.0545499995350837,0.8237136602401733,0.6971547603607178,-0.7675628662109375,0.6343223452568054,-0.4203773736953735
229,cleared_pine,5,valid,200005,321.7200012207031,11.204700469970703,0.2082480043172836,0.3640139997005462,0.0412000007927417,0.0676999986171722,0.0683000013232231,0.1339000016450882,0.2790000140666961,0.3357000052928924,0.3483999967575073,0.3831999897956848,0.2180999964475631,0.1171000003814697,0.6721861958503723,0.4968850612640381,-0.674597442150116,0.4447439312934875,-0.1526627242565155
230,cleared_pine,5,train,100007,232.19000244140625,39.96730041503906,-0.0387781001627445,3.248990058898926,0.0278999991714954,0.0472000017762184,0.049600001424551,0.1101000010967254,0.210999995470047,0.2493000030517578,0.219200000166893,0.2791000008583069,0.2138999998569488,0.1187999993562698,0.6309523582458496,0.2970414161682129,-0.6456456184387207,0.3313088417053222,0.0321190804243087
231,cleared_pine,5,train,700008,418.8699951171875,17.03700065612793,0.7505469918251038,0.7659909725189209,0.0174499992281198,0.0386499986052513,0.0297999996691942,0.0724000036716461,0.246299996972084,0.3177999854087829,0.304500013589859,0.3505499958992004,0.1045999974012374,0.0514499992132186,0.8217170238494873,0.7109144926071167,-0.7747340798377991,0.6158131957054138,-0.4109784364700317
232,cleared_pine,5,train,400011,253.22000122070312,27.69580078125,0.8929949998855591,2.5159900188446045,0.0241500008851289,0.0383500009775161,0.0340999998152256,0.059749998152256,0.1956499963998794,0.2556999921798706,0.2563000023365021,0.279449999332428,0.1125999987125396,0.0706999972462654,0.7651515007019043,0.5675840973854065,-0.7396911382675171,0.6218952536582947,-0.3131218552589416
233,cleared_pine,5,valid,300005,336.54998779296875,7.691830158233643,0.8607199788093567,0.0910034030675888,0.0299999993294477,0.0592000000178813,0.0590000003576278,0.1298999935388565,0.2585999965667724,0.2915000021457672,0.3124000132083893,0.3404000103473663,0.2159000039100647,0.1155000030994415,0.6822832822799683,0.4601542353630066,-0.6813778281211853,0.4126158952713012,-0.1093471646308898
234,cleared_pine,5,train,500008,389.9700012207031,5.238709926605225,-0.1907999962568283,0.3559879958629608,0.0113500002771615,0.0272000003606081,0.0184499993920326,0.0551499985158443,0.2428999990224838,0.3230499923229217,0.3124000132083893,0.3510499894618988,0.096850000321865,0.0489000007510185,0.8884690999984741,0.7293108105659485,-0.8398115634918213,0.6999047994613647,-0.474775105714798
235,cleared_pine,5,train,100008,182.80999755859372,34.68730163574219,0.4370700120925903,1.2649999856948853,0.0663999989628791,0.0913000032305717,0.1167000010609626,0.169850006699562,0.2400500029325485,0.2743499875068664,0.3199999928474426,0.3195500075817108,0.2843500077724457,0.1730999946594238,0.4655369818210602,0.2979111671447754,-0.5560417771339417,0.3065223693847656,0.018604377284646
236,cleared_pine,5,train,100006,274.7200012207031,6.297359943389893,0.9854549765586852,0.0339966006577014,0.0428000018000602,0.0692000016570091,0.067900002002716,0.1318999975919723,0.2639999985694885,0.3201999962329864,0.3472000062465668,0.3628999888896942,0.2488999962806701,0.1456000059843063,0.6728498935699463,0.409090906381607,-0.6676272749900818,0.4493842720985412,-0.1035653799772262
237,cleared_pine,5,train,100007,227.52999877929688,22.6924991607666,0.8698949813842773,0.2949979901313782,0.0687000006437301,0.0848499983549118,0.1026500016450882,0.1419000029563903,0.1927500069141388,0.2219499945640564,0.2155999988317489,0.255950003862381,0.2233999967575073,0.1518000066280365,0.3549096584320068,0.1736526638269424,-0.4351805746555328,0.2061538398265838,0.0684033706784248
238,cleared_pine,5,train,600008,415.8599853515625,16.86319923400879,-0.9072319865226746,0.6370239853858948,0.0099999997764825,0.0285999998450279,0.0166500005871057,0.0568500012159347,0.2288500070571899,0.295549988746643,0.2989999949932098,0.3194999992847442,0.0984999984502792,0.0480000004172325,0.8945034146308899,0.7233429551124573,-0.8253968358039856,0.680483341217041,-0.4570316970348358
239,cleared_pine,5,train,500008,398.9299926757813,12.92389965057373,0.130731001496315,1.4590100049972534,0.0035500000230968,0.016950000077486,0.0072499997913837,0.0442500002682209,0.2210499942302703,0.293749988079071,0.3080999851226806,0.3156999945640564,0.0810500010848045,0.0372000001370906,0.9540193676948548,0.7845351696014404,-0.8957083225250244,0.7488293051719666,-0.5584447979927063
240,cleared_pine,5,train,500010,320.8399963378906,17.120899200439453,0.8886759877204895,1.386989951133728,0.0070000002160668,0.0201500002294778,0.0123500004410743,0.0513000003993511,0.1999000012874603,0.2620500028133392,0.2806000113487243,0.2863999903202057,0.097750000655651,0.050450000911951,0.9156852960586548,0.695212185382843,-0.8660016655921936,0.6908707618713379,-0.4463163316249847
241,cleared_pine,5,train,500008,400.0199890136719,15.087499618530272,-0.0788018032908439,0.298004001379013,0.0041999998502433,0.0200500003993511,0.0097500002011656,0.0423999987542629,0.2009000033140182,0.2722499966621399,0.2727999985218048,0.2982000112533569,0.0767000019550323,0.0359000004827976,0.930985689163208,0.7674117088317871,-0.8630698323249817,0.7309644818305969,-0.5242812037467957
242,cleared_pine,5,train,500010,307.82000732421875,26.70560073852539,0.8100200295448303,0.1499940007925033,0.0291000008583068,0.0458000004291534,0.0400499999523162,0.0887499973177909,0.2284999936819076,0.2815000116825104,0.2984000146389007,0.3173500001430511,0.1386999934911728,0.0788000002503395,0.7633328437805176,0.5821845531463623,-0.7338756918907166,0.541521430015564,-0.2938272058963775
243,cleared_pine,5,train,500009,365.2900085449219,9.060680389404297,-0.2351430058479309,2.018009901046753,0.0177500005811452,0.02449999935925,0.0157500002533197,0.0396500006318092,0.195700004696846,0.2675999999046325,0.2759000062942505,0.2893500030040741,0.0718500018119812,0.0331000015139579,0.8919938206672668,0.7857605218887329,-0.8368841409683228,0.7486927509307861,-0.5404590368270874
244,cleared_pine,5,train,100006,277.7699890136719,9.951089859008787,-0.5414590239524841,0.1700129956007003,0.0749000012874603,0.1023000031709671,0.1296000033617019,0.185599997639656,0.2748000025749206,0.3176000118255615,0.3616000115871429,0.3738999962806701,0.2754999995231628,0.1659000068902969,0.472312718629837,0.3709952533245086,-0.5589566826820374,0.3216374516487121,-0.0373098962008953
245,cleared_pine,5,valid,9,149.27000427246094,24.965700149536133,0.9960669875144958,1.4290000200271606,0.0408499985933303,0.0680999979376792,0.0768499970436096,0.1383499950170517,0.2166000008583068,0.2488500028848648,0.2870000004768371,0.2942999899387359,0.2606500089168548,0.1532000005245208,0.5775731801986694,0.3039527535438537,-0.6164460778236389,0.3494769036769867,0.0145036550238728
246,cleared_pine,5,train,600008,408.3500061035156,9.590860366821287,0.0517438016831874,0.132995992898941,0.0238000005483627,0.0442500002682209,0.046799998730421,0.0690499991178512,0.1997999995946884,0.2589499950408935,0.2808000147342682,0.2898499965667724,0.1084500029683113,0.0581500008702278,0.7142857313156128,0.65688157081604,-0.7277342081069946,0.6052594184875488,-0.3247798383235931
247,cleared_pine,5,valid,200005,317.75,5.93651008605957,0.889585018157959,0.7630000114440918,0.0599000006914138,0.0845500007271766,0.0995500013232231,0.1677999943494796,0.2816999852657318,0.3356499969959259,0.373199999332428,0.3919999897480011,0.2531499862670898,0.1454000025987625,0.5788471698760986,0.4392595291137695,-0.6305843591690063,0.3796672821044922,-0.1023161262273788
248,cleared_pine,5,valid,600009,343.67999267578125,28.18409919738769,0.6438459753990173,1.510010004043579,0.0076000001281499,0.0186000000685453,0.0105999996885657,0.0359999984502792,0.1825000047683715,0.255400002002716,0.270000010728836,0.277999997138977,0.0698999986052513,0.031700000166893,0.9244475960731506,0.7898575067520142,-0.8711018562316895,0.7647058963775635,-0.5504049062728882
249,cleared_pine,5,train,700008,435.8200073242188,22.005300521850582,0.2505539953708648,0.2039790004491806,0.0148999998345971,0.0309500005096197,0.0248000007122755,0.0606999993324279,0.2020999938249588,0.2636500000953674,0.2653999924659729,0.2937000095844269,0.0971999987959861,0.048200000077486,0.8290833830833435,0.6926020383834839,-0.7911253571510315,0.6277215480804443,-0.3934874236583709
