PID,post_B2,post_B3,post_B4,post_B8,post_B11,post_B12,NBR_pre,NBR_post,dNBR
0,0.03739999979734421,0.05350000038743019,0.0729999989271164,0.12120000272989273,0.2084999978542328,0.18359999358654022,0.30557364225387573,-0.20472438633441925,510.2980041503906
1,0.03220000118017197,0.043800000101327896,0.05490000173449516,0.08550000190734863,0.16369999945163727,0.13040000200271606,0.4668354392051697,-0.2079666405916214,674.8020629882812
2,0.026399999856948853,0.03620000183582306,0.04569999873638153,0.0681999996304512,0.16949999332427979,0.17970000207424164,0.46606335043907166,-0.44977813959121704,915.8414916992188
3,0.03579999879002571,0.03519999980926514,0.04470000043511391,0.09440000355243683,0.16930000483989716,0.17520000040531158,0.4736585021018982,-0.2997032403945923,773.3617553710938
4,0.04554999992251396,0.05654999986290932,0.06920000165700912,0.12269999831914902,0.23489999771118164,0.21985000371932983,0.2281516194343567,-0.28360825777053833,511.7598571777344
5,0.04295000061392784,0.060100000351667404,0.07919999957084656,0.1745000034570694,0.19930000603199005,0.14675000309944153,0.5969042181968689,0.08638132363557816,510.52288818359375
6,0.023399999365210533,0.0284000001847744,0.03929999843239784,0.06610000133514404,0.13860000669956207,0.13249999284744263,0.5327198505401611,-0.334340363740921,867.0601806640625
7,0.05979999899864197,0.07900000363588333,0.09279999881982803,0.20640000700950623,0.23029999434947968,0.1527000069618225,0.5559293627738953,0.149540513753891,406.38885498046875
8,0.03799999877810478,0.03629999980330467,0.04360000044107437,0.07699999958276749,0.1729000061750412,0.193900004029274,0.4092858135700226,-0.4315245449542999,840.8103637695312
9,0.0333000011742115,0.03920000046491623,0.05220000073313713,0.07609999924898148,0.17430000007152557,0.14890000224113464,0.4682498574256897,-0.3235555589199066,791.805419921875
10,0.03779999911785126,0.05894999951124191,0.06515000015497208,0.2013999968767166,0.23454999923706055,0.16740000247955322,0.43042272329330444,0.09219087660312653,338.2318420410156
11,0.03920000046491623,0.05480000004172325,0.0731000006198883,0.14920000731945038,0.2370000034570694,0.16329999268054962,0.639641523361206,-0.04511995241045952,684.761474609375
12,0.04924999922513962,0.061149999499320984,0.06830000132322311,0.14470000565052032,0.21144999563694,0.14925000071525574,0.5407407283782959,-0.015478805638849735,556.2195434570312
13,0.04010000079870224,0.05299999937415123,0.062300000339746475,0.1348000019788742,0.20229999721050262,0.17810000479221344,0.5041322112083435,-0.13838288187980652,642.5150756835938
14,0.05404999852180481,0.05925000086426735,0.07800000160932541,0.1770000010728836,0.21709999442100525,0.1392499953508377,0.586199939250946,0.11936760693788528,466.8323669433594
15,0.02979999966919422,0.041200000792741776,0.04859999939799309,0.1088000014424324,0.19099999964237213,0.13130000233650208,0.5567470788955688,-0.09371095895767212,650.4580688476562
16,0.04349999874830246,0.06554999947547913,0.07890000194311142,0.2321999967098236,0.21164999902248383,0.13429999351501465,0.5463942289352417,0.26712143421173096,279.27276611328125
17,0.02199999988079071,0.02734999917447567,0.03799999877810478,0.07029999792575836,0.14395000040531158,0.1120000034570694,0.6319279074668884,-0.22874385118484497,860.6717529296875
18,0.04619999974966049,0.06369999796152115,0.07524999976158142,0.19249999523162842,0.2632000148296356,0.19990000128746033,0.31194868683815,-0.018858322873711586,330.8070068359375
19,0.05689999833703041,0.06669999659061432,0.0824500024318695,0.16619999706745148,0.23964999616146088,0.20640000700950623,0.19968491792678833,-0.1078905239701271,307.575439453125
20,0.02669999934732914,0.03400000184774399,0.04360000044107437,0.06260000169277191,0.164000004529953,0.14499999582767487,0.4510752558708191,-0.3969171345233917,847.9923706054688
21,0.031599998474121094,0.04190000146627426,0.05480000004172325,0.08739999681711197,0.14219999313354492,0.13760000467300415,0.4575772285461426,-0.2231111377477646,680.6883544921875
22,0.05555000156164169,0.07090000063180923,0.08534999936819077,0.17339999973773956,0.2804499864578247,0.22145000100135803,0.3443348705768585,-0.12169178575277328,466.0266418457031
23,0.03539999946951866,0.04399999976158142,0.057100001722574234,0.10599999874830246,0.1890999972820282,0.16130000352859497,0.5151943564414978,-0.20688366889953613,722.0780029296875
24,0.05339999869465828,0.07855000346899033,0.09669999778270721,0.26499998569488525,0.28505000472068787,0.210099995136261,0.4596841633319855,0.11555460840463638,344.1295471191406
25,0.030400000512599945,0.03240000084042549,0.041999999433755875,0.06700000166893005,0.1462000012397766,0.15690000355243683,0.34433770179748535,-0.4015185236930847,745.8562622070312
26,0.023099999874830246,0.02590000070631504,0.034299999475479126,0.053700000047683716,0.09319999814033508,0.08865000307559967,0.60539710521698,-0.24552161991596222,850.9187622070312
27,0.03440000116825104,0.03920000046491623,0.04830000177025795,0.08160000294446945,0.16539999842643738,0.16369999945163727,0.4842679500579834,-0.33469220995903015,818.9601440429688
28,0.020800000056624413,0.034299999475479126,0.043800000101327896,0.07840000092983246,0.164900004863739,0.16500000655651093,0.5007157325744629,-0.35579293966293335,856.5086669921875
29,0.06040000170469284,0.07074999809265137,0.08470000326633453,0.1525000035762787,0.17434999346733093,0.14624999463558197,0.4393705427646637,0.020920531824231148,418.45001220703125
30,0.0434500016272068,0.0674000009894371,0.0848499983549118,0.2029000073671341,0.22134999930858612,0.14419999718666077,0.5980148911476135,0.1691155582666397,428.8993225097656
31,0.032099999487400055,0.04280000180006027,0.04989999905228615,0.0934000015258789,0.16840000450611115,0.17350000143051147,0.48669108748435974,-0.30011239647865295,786.803466796875
32,0.05849999934434891,0.0714000016450882,0.08384999632835388,0.19820000231266022,0.26695001125335693,0.2048500031232834,0.24738243222236633,-0.016499195247888565,263.8816223144531
33,0.03150000050663948,0.04259999841451645,0.05490000173449516,0.09139999747276306,0.17970000207424164,0.15129999816417694,0.4413033127784729,-0.2468067705631256,688.1100463867188
34,0.053599998354911804,0.06650000065565109,0.07530000060796738,0.16419999301433563,0.20589999854564667,0.17949999868869781,0.4606887400150299,-0.04451558366417885,505.2043151855469
35,0.04230000078678131,0.055149998515844345,0.06199999898672104,0.15139999985694885,0.21574999392032623,0.14464999735355377,0.5956803560256958,0.022800210863351822,572.880126953125
36,0.03864999860525131,0.055799998342990875,0.05415000021457672,0.1290999948978424,0.17589999735355377,0.124549999833107,0.5663865208625793,0.01793808490037918,548.4484252929688
37,0.0385500006377697,0.0568000003695488,0.06544999778270721,0.15230000019073486,0.22335000336170197,0.1699499934911728,0.49172934889793396,-0.054771121591329575,546.5004272460938
38,0.04565000161528587,0.051500000059604645,0.06145000085234642,0.13410000503063202,0.20020000636577606,0.1729000061750412,0.5166780352592468,-0.12638436257839203,643.0623779296875
39,0.03999999910593033,0.058400001376867294,0.07720000296831131,0.1624000072479248,0.20919999480247498,0.18150000274181366,0.4908176064491272,-0.05553938448429108,546.3569946289062
40,0.03060000017285347,0.03660000115633011,0.04659999907016754,0.09769999980926514,0.16169999539852142,0.1404000073671341,0.5668322443962097,-0.17933644354343414,746.1686401367188
41,0.045499999076128006,0.05620000138878822,0.05939999967813492,0.1931000053882599,0.2168000042438507,0.15494999289512634,0.5781732797622681,0.10961072146892548,468.5625915527344
42,0.0364999994635582,0.062300000339746475,0.06445000320672989,0.2184000015258789,0.24390000104904175,0.16990000009536743,0.571142315864563,0.12490342557430267,446.2388610839844
43,0.04619999974966049,0.050999999046325684,0.06509999930858612,0.12999999523162842,0.18209999799728394,0.1858000010251999,0.46657314896583557,-0.1766941249370575,643.2672729492188
44,0.033399999141693115,0.041099999099969864,0.052400000393390656,0.0828000009059906,0.15399999916553497,0.15039999783039093,0.4819488227367401,-0.2898799180984497,771.8287353515625
45,0.04179999977350235,0.05700000002980232,0.0697999969124794,0.14319999516010284,0.16269999742507935,0.12370000034570694,0.5158084630966187,0.07306105643510818,442.7474365234375
46,0.044599998742341995,0.047600001096725464,0.049400001764297485,0.11760000139474869,0.18125000596046448,0.131400004029274,0.5768435597419739,-0.05542169511318207,632.2652587890625
47,0.05779999867081642,0.05860000103712082,0.07109999656677246,0.10159999877214432,0.2578999996185303,0.3199000060558319,0.41385817527770996,-0.5179122090339661,931.7703857421875
48,0.0430000014603138,0.046799998730421066,0.06159999966621399,0.08739999681711197,0.18330000340938568,0.17870000004768372,0.038636721670627594,-0.34310412406921387,381.7408447265625
49,0.038350000977516174,0.05204999819397926,0.05934999883174896,0.14319999516010284,0.2212499976158142,0.15915000438690186,0.33794695138931274,-0.05275346338748932,390.7004089355469
50,0.0689999982714653,0.06904999911785126,0.0763000026345253,0.15780000388622284,0.19949999451637268,0.19625000655651093,0.3562542796134949,-0.10860048234462738,464.8547668457031
51,0.024399999529123306,0.031599998474121094,0.04089999943971634,0.07034999877214432,0.15209999680519104,0.16459999978542328,0.28897443413734436,-0.401149183511734,690.1236572265625
52,0.04320000112056732,0.040300000458955765,0.04839999973773956,0.0674000009894371,0.1673000007867813,0.19140000641345978,0.4593406617641449,-0.4791344702243805,938.4751586914062
53,0.026200000196695328,0.02785000018775463,0.032249998301267624,0.05460000038146973,0.11309999972581863,0.11505000293254852,-0.11779844760894775,-0.3563218414783478,238.52340698242188
54,0.043150000274181366,0.0568000003695488,0.06300000101327896,0.15569999814033508,0.2199999988079071,0.18815000355243683,0.5523848533630371,-0.09437256306409836,646.7573852539062
55,0.055799998342990875,0.06360000371932983,0.07689999788999557,0.12559999525547028,0.26170000433921814,0.30809998512268066,-0.17382128536701202,-0.42079779505729675,246.97650146484375
56,0.06710000336170197,0.07000000029802322,0.08914999663829803,0.15060000121593475,0.20765000581741333,0.19075000286102295,0.05756776034832001,-0.11762121319770813,175.18898010253906
57,0.05310000106692314,0.0596500001847744,0.07240000367164612,0.13420000672340393,0.26170000433921814,0.2326499968767166,-0.08194737136363983,-0.2683658003807068,186.4184112548828
58,0.05050000175833702,0.06340000033378601,0.07850000262260437,0.1793999969959259,0.26350000500679016,0.2240999937057495,0.2799631953239441,-0.11078066378831863,390.7438659667969
59,0.05900000035762787,0.06379999965429306,0.07880000025033951,0.10419999808073044,0.2524000108242035,0.30799999833106995,-0.02332407236099243,-0.49442020058631897,471.09613037109375
60,0.055799998342990875,0.07890000194311142,0.10040000081062317,0.24899999797344208,0.2410999983549118,0.1923999935388565,0.5974886417388916,0.12822838127613068,469.2602844238281
61,0.06499999761581421,0.08959999680519104,0.09920000284910202,0.2207999974489212,0.295199990272522,0.19679999351501465,0.26687780022621155,0.057471275329589844,209.4065399169922
62,0.020600000396370888,0.025350000709295273,0.033900000154972076,0.05939999967813492,0.14685000479221344,0.16075000166893005,0.32094427943229675,-0.46036794781684875,781.312255859375
63,0.032999999821186066,0.03880000114440918,0.0494999997317791,0.08640000224113464,0.13410000503063202,0.1454000025987625,0.2039603888988495,-0.25452977418899536,458.49017333984375
64,0.05225000157952309,0.06989999860525131,0.07795000076293945,0.18490000069141388,0.19370000064373016,0.14730000495910645,0.5057699680328369,0.11318481713533401,392.5851745605469
65,0.029600000008940697,0.033900000154972076,0.0421999990940094,0.07639999687671661,0.156700000166893,0.15080000460147858,0.2714148163795471,-0.3274648189544678,598.879638671875
66,0.07180000096559525,0.07739999890327454,0.08799999952316284,0.12680000066757202,0.20110000669956207,0.2378000020980835,0.0882694348692894,-0.30444324016571045,392.712646484375
67,0.0333000011742115,0.03400000184774399,0.03929999843239784,0.06859999895095825,0.14560000598430634,0.1551000028848648,0.3841765522956848,-0.3866786062717438,770.8551635742188
68,0.04600000008940697,0.053599998354911804,0.06679999828338623,0.1136000007390976,0.22949999570846558,0.25429999828338623,-0.009200717322528362,-0.38244086503982544,373.2401428222656
69,0.05050000175833702,0.046799998730421066,0.061000000685453415,0.09109999984502792,0.20010000467300415,0.19480000436306,0.12063203006982803,-0.3627142608165741,483.3462829589844
70,0.043299999088048935,0.05939999967813492,0.06599999964237213,0.15479999780654907,0.21469999849796295,0.1412999927997589,0.5605815649032593,0.04559272527694702,514.9888916015625
71,0.04230000078678131,0.05310000106692314,0.05999999865889549,0.1420000046491623,0.19750000536441803,0.16850000619888306,0.19404694437980652,-0.08534621447324753,279.3931579589844
72,0.03125,0.039250001311302185,0.04899999871850014,0.08470000326633453,0.15324999392032623,0.16075000166893005,0.19870677590370178,-0.30983906984329224,508.54583740234375
73,0.049400001764297485,0.060600001364946365,0.0726500004529953,0.1185000017285347,0.20080000162124634,0.21565000712871552,0.17193476855754852,-0.29073768854141235,462.6724853515625
74,0.055399999022483826,0.0575999990105629,0.06650000065565109,0.10339999943971634,0.21580000221729279,0.1843000054359436,-0.1719653159379959,-0.2811957001686096,109.23038482666016
75,0.03929999843239784,0.05380000174045563,0.055799998342990875,0.1729000061750412,0.21535000205039978,0.15964999794960022,0.49465176463127136,0.03984365612268448,454.80810546875
76,0.052149999886751175,0.06515000015497208,0.08079999685287476,0.1843000054359436,0.29980000853538513,0.2536500096321106,-0.003450652351602912,-0.15835142135620117,154.9007568359375
77,0.034299999475479126,0.03954999893903732,0.02775000035762787,0.19259999692440033,0.13944999873638153,0.08184999972581863,0.6875352263450623,0.40353432297706604,284.00091552734375
78,0.03974999859929085,0.038600001484155655,0.05570000037550926,0.09655000269412994,0.18604999780654907,0.15929999947547913,0.5864652395248413,-0.24526087939739227,831.7261352539062
79,0.03125,0.037450000643730164,0.046950001269578934,0.08820000290870667,0.15770000219345093,0.16519999504089355,0.3484419286251068,-0.303867369890213,652.309326171875
80,0.04924999922513962,0.06984999775886536,0.08425000309944153,0.18930000066757202,0.2526499927043915,0.20250000059604645,0.35003387928009033,-0.03369065746665001,383.72454833984375
81,0.028149999678134918,0.037450000643730164,0.044349998235702515,0.09224999696016312,0.14399999380111694,0.14710000157356262,0.2301383912563324,-0.229162335395813,459.30072021484375
82,0.032999999821186066,0.038600001484155655,0.03750000149011612,0.0835999995470047,0.16300000250339508,0.149399995803833,-0.15662650763988495,-0.2824034094810486,125.77692413330078
83,0.041999999433755875,0.049300000071525574,0.04879999905824661,0.13420000672340393,0.15129999816417694,0.11680000275373459,0.5139796733856201,0.06932272017002106,444.6569519042969
84,0.0560000017285347,0.09364999830722809,0.0961500033736229,0.3246000111103058,0.26695001125335693,0.16085000336170197,0.3807641863822937,0.3373158872127533,43.44828414916992
85,0.04659999907016754,0.056699998676776886,0.06859999895095825,0.09700000286102295,0.22789999842643738,0.25780001282691956,-0.026928696781396866,-0.453213095664978,426.2843933105469
86,0.04340000078082085,0.06480000168085098,0.06520000100135803,0.1624000072479248,0.2206999957561493,0.14990000426769257,0.3964674770832062,0.04002562537789345,356.4418640136719
87,0.05999999865889549,0.059450000524520874,0.06440000236034393,0.09099999815225601,0.2287999987602234,0.25154998898506165,0.33638447523117065,-0.4686906933784485,805.0751342773438
88,0.03849999979138374,0.04699999839067459,0.05570000037550926,0.08959999680519104,0.18799999356269836,0.22699999809265137,0.4225849509239197,-0.4339861273765564,856.571044921875
89,0.022700000554323196,0.029600000008940697,0.04540000110864639,0.09080000221729279,0.11330000311136246,0.12189999967813492,0.3267095386981964,-0.1462153196334839,472.9248352050781
90,0.02410000003874302,0.02979999966919422,0.039000000804662704,0.08309999853372574,0.16930000483989716,0.17010000348091125,0.36986303329467773,-0.34360191226005554,713.4649658203125
91,0.05615000054240227,0.061500001698732376,0.07769999653100967,0.11289999634027481,0.2146500051021576,0.19599999487400055,-0.07017819583415985,-0.26901909708976746,198.84091186523438
92,0.04565000161528587,0.06599999964237213,0.0828000009059906,0.23270000517368317,0.24729999899864197,0.17264999449253082,0.4334941506385803,0.14814360439777374,285.3505554199219
93,0.06319999694824219,0.07119999825954437,0.08749999850988388,0.1225999966263771,0.2671999931335449,0.3643999993801117,0.3863053619861603,-0.49650925397872925,882.8146362304688
94,0.05220000073313713,0.059700001031160355,0.0681999996304512,0.14980000257492065,0.22190000116825104,0.24220000207424164,-0.21236449480056763,-0.23571428656578064,23.34978675842285
95,0.06499999761581421,0.09520000219345093,0.09570000320672989,0.311599999666214,0.27309998869895935,0.15850000083446503,0.46107369661331177,0.3256753981113434,135.3983154296875
96,0.04455000162124634,0.04845000058412552,0.06194999814033508,0.14990000426769257,0.25540000200271606,0.19805000722408295,0.4512471556663513,-0.1383819580078125,589.6290893554688
97,0.029200000688433647,0.03830000013113022,0.05460000038146973,0.12160000205039978,0.1205499991774559,0.10374999791383743,0.6750756502151489,0.07921013236045837,595.8655395507812
98,0.016249999403953552,0.01875000074505806,0.01614999957382679,0.11550000309944153,0.07334999740123749,0.054749999195337296,0.45591938495635986,0.3568282127380371,99.09117126464844
99,0.04580000042915344,0.05139999836683273,0.06369999796152115,0.16060000658035278,0.1835000067949295,0.1234000027179718,0.4638828933238983,0.13098593056201935,332.89697265625
100,0.025200000032782555,0.039000000804662704,0.04360000044107437,0.16259999573230743,0.14800000190734863,0.08839999884366989,0.3991740942001343,0.2956175208091736,103.55658721923828
101,0.02930000051856041,0.03564999997615814,0.04405000060796738,0.10949999839067459,0.1388999968767166,0.12269999831914902,0.40017032623291016,-0.05684754624962807,457.01788330078125
102,0.026149999350309372,0.04479999840259552,0.05400000140070915,0.20270000398159027,0.13865000009536743,0.10234999656677246,0.5474691987037659,0.3289624750614166,218.5067138671875
103,0.015699999406933784,0.02044999971985817,0.015850000083446503,0.16009999811649323,0.07460000365972519,0.048500001430511475,0.584482729434967,0.5349951982498169,49.4875602722168
104,0.031050000339746475,0.038100000470876694,0.04755000025033951,0.11599999666213989,0.14390000700950623,0.12585000693798065,0.4826614558696747,-0.04072776436805725,523.3892211914062
105,0.02914999984204769,0.03265000134706497,0.042149998247623444,0.11309999972581863,0.1506499946117401,0.1378999948501587,0.4499879479408264,-0.0988047644495964,548.792724609375
106,0.0142000000923872,0.021649999544024467,0.021199999377131462,0.1340000033378601,0.1023000031709671,0.09194999933242798,0.48273950815200806,0.18610313534736633,296.6363830566406
107,0.022849999368190765,0.028750000521540642,0.04414999857544899,0.09440000355243683,0.12330000102519989,0.10135000199079514,0.4924623370170593,-0.03550446033477783,527.966796875
108,0.03539999946951866,0.038350000977516174,0.048700001090765,0.0828000009059906,0.11270000040531158,0.1193000003695488,0.30580395460128784,-0.18060365319252014,486.4076232910156
109,0.010599999688565731,0.023600000888109207,0.012600000016391277,0.27000001072883606,0.07460000365972519,0.030799999833106995,0.8077132105827332,0.7952127456665039,12.500428199768066
110,0.03739999979734421,0.04365000128746033,0.05649999901652336,0.09939999878406525,0.1691499948501587,0.15925000607967377,0.3538871109485626,-0.23139379918575287,585.2809448242188
111,0.034299999475479126,0.044599998742341995,0.05380000174045563,0.1331000030040741,0.1348000019788742,0.10715000331401825,0.36261680722236633,0.10801248252391815,254.60433959960938
112,0.033399999141693115,0.03759999945759773,0.04645000025629997,0.06419999897480011,0.16750000417232513,0.19850000739097595,0.40209221839904785,-0.5112295746803284,913.32177734375
113,0.014399999752640724,0.020600000396370888,0.01655000075697899,0.14219999313354492,0.0726500004529953,0.0377499982714653,0.596084475517273,0.580439031124115,15.645477294921875
114,0.035999998450279236,0.0523499995470047,0.06080000102519989,0.21480000019073486,0.15940000116825104,0.10589999705553055,0.5805115699768066,0.33956971764564514,240.94187927246094
115,0.02879999950528145,0.04089999943971634,0.05590000003576279,0.11089999973773956,0.1590999960899353,0.13609999418258667,0.4532042443752289,-0.10202427208423615,555.228515625
116,0.02239999920129776,0.03009999915957451,0.042750000953674316,0.0799499973654747,0.13015000522136688,0.11010000109672546,0.5244635343551636,-0.1586424857378006,683.1060180664062
117,0.03355000168085098,0.03869999945163727,0.0515500009059906,0.10279999673366547,0.14110000431537628,0.12745000422000885,0.45091891288757324,-0.10705757886171341,557.9765014648438
118,0.039900001138448715,0.053300000727176666,0.07479999959468842,0.12870000302791595,0.16335000097751617,0.13989999890327454,0.637809157371521,-0.041697677224874496,679.5068359375
119,0.0710500031709671,0.09404999762773514,0.11860000342130661,0.1762000024318695,0.17890000343322754,0.15565000474452972,0.42182332277297974,0.06192556023597717,359.89776611328125
120,0.014999999664723873,0.023399999365210533,0.0210999995470047,0.18479999899864197,0.09960000216960907,0.058800000697374344,0.4735177755355835,0.517241358757019,-43.72360610961914
121,0.039900001138448715,0.04854999855160713,0.061250001192092896,0.10140000283718109,0.1412000060081482,0.13324999809265137,0.4424650967121124,-0.13573405146598816,578.1991577148438
122,0.032249998301267624,0.038600001484155655,0.051899999380111694,0.11509999632835388,0.1404999941587448,0.12229999899864197,0.5358269214630127,-0.030328571796417236,566.155517578125
123,0.016249999403953552,0.023499999195337296,0.02525000087916851,0.1137000024318695,0.08889999985694885,0.07580000162124634,0.5360134243965149,0.20000000298023224,336.013427734375
124,0.03465000167489052,0.03539999946951866,0.0523499995470047,0.14110000431537628,0.14110000431537628,0.1331000030040741,0.5678977966308594,0.029175788164138794,538.7220458984375
125,0.03220000118017197,0.038100000470876694,0.0478999987244606,0.1460999995470047,0.13805000483989716,0.11089999973773956,0.6644868850708008,0.13696497678756714,527.5219116210938
126,0.02930000051856041,0.03564999997615814,0.04405000060796738,0.10949999839067459,0.1388999968767166,0.12269999831914902,0.40017032623291016,-0.05684754624962807,457.01788330078125
127,0.02239999920129776,0.026100000366568565,0.027249999344348907,0.12219999730587006,0.10544999688863754,0.07639999687671661,0.28966400027275085,0.2306143045425415,59.049686431884766
128,0.028550000861287117,0.037300001829862595,0.04349999874830246,0.10944999754428864,0.1538500040769577,0.1395999938249588,0.42414557933807373,-0.12106001377105713,545.2056274414062
129,0.05824999883770943,0.0831499993801117,0.11089999973773956,0.16500000655651093,0.15850000083446503,0.13809999823570251,0.5859119296073914,0.08874961733818054,497.1623229980469
130,0.017650000751018524,0.023800000548362732,0.027550000697374344,0.13449999690055847,0.10320000350475311,0.08630000054836273,0.3288590610027313,0.2182970941066742,110.56196594238281
131,0.023900000378489494,0.030799999833106995,0.03959999978542328,0.08479999750852585,0.11794999986886978,0.11940000206232071,0.48339298367500305,-0.16944174468517303,652.834716796875
132,0.04010000079870224,0.04944999888539314,0.07259999960660934,0.14159999787807465,0.15389999747276306,0.14489999413490295,0.31797468662261963,-0.011518311686813831,329.4930114746094
133,0.03790000081062317,0.04490000009536743,0.05784999951720238,0.11659999936819077,0.15825000405311584,0.14399999380111694,0.4332706928253174,-0.10514196008443832,538.4126586914062
134,0.03779999911785126,0.04684999957680702,0.05909999832510948,0.097850002348423,0.148499995470047,0.1428000032901764,0.4468819499015808,-0.18678578734397888,633.667724609375
135,0.02459999918937683,0.03539999946951866,0.03720000013709068,0.19519999623298645,0.10909999907016754,0.06539999693632126,0.5207280516624451,0.49808135628700256,22.646671295166016
136,0.025100000202655792,0.03020000085234642,0.03754999861121178,0.13519999384880066,0.13795000314712524,0.11905000358819962,0.4927574396133423,0.06352011859416962,429.2373352050781
137,0.01600000075995922,0.016450000926852226,0.022849999368190765,0.06040000170469284,0.07750000059604645,0.06134999915957451,0.4373522400856018,-0.00780285382643342,445.15509033203125
138,0.0284000001847744,0.03610000014305115,0.05225000157952309,0.1298999935388565,0.11720000207424164,0.09870000183582306,0.5505017042160034,0.13648290932178497,414.018798828125
139,0.04659999907016754,0.05420000106096268,0.0722000002861023,0.1151999980211258,0.2361000031232834,0.22619999945163727,0.15661998093128204,-0.3251318037509918,481.7518005371094
140,0.035100001841783524,0.045899998396635056,0.056299999356269836,0.13369999825954437,0.15770000219345093,0.13124999403953552,0.4978313148021698,0.00924704410135746,488.5842590332031
141,0.026399999856948853,0.027000000700354576,0.03290000185370445,0.11559999734163284,0.09989999979734421,0.08540000021457672,0.4643791615962982,0.15024875104427338,314.13043212890625
142,0.04244999960064888,0.050999999046325684,0.06385000050067902,0.10970000177621841,0.19554999470710754,0.19965000450611115,0.2681323289871216,-0.2907709777355194,558.9033203125
143,0.033799998462200165,0.04349999874830246,0.051750000566244125,0.10329999774694443,0.1655000001192093,0.16664999723434448,0.37981152534484863,-0.23467308282852173,614.484619140625
144,0.03689999878406525,0.04800000041723251,0.04964999854564667,0.15459999442100525,0.20720000565052032,0.17020000517368317,0.4146919250488281,-0.048029590398073196,462.7215270996094
145,0.057750001549720764,0.07124999910593033,0.08410000056028366,0.24629999697208405,0.24050000309944153,0.1776999980211258,0.6524590253829956,0.16179245710372925,490.66656494140625
146,0.018050000071525574,0.022199999541044235,0.03280000016093254,0.08129999786615372,0.14830000698566437,0.1083500012755394,0.6384545564651489,-0.1426311880350113,781.0857543945312
147,0.03480000048875809,0.047850001603364944,0.04529999941587448,0.13650000095367432,0.18369999527931213,0.12575000524520874,0.5785440802574158,0.0409914031624794,537.5526733398438
148,0.07370000332593918,0.06560000032186508,0.07150000333786011,0.12380000203847885,0.24269999563694,0.2590999901294708,0.5275329351425171,-0.35335594415664673,880.8888549804688
149,0.0357000008225441,0.04374999925494194,0.04874999821186066,0.13619999587535858,0.19904999434947968,0.16204999387264252,0.5441370606422424,-0.08667225390672684,630.809326171875
150,0.030500000342726707,0.05220000073313713,0.052799999713897705,0.28459998965263367,0.15710000693798065,0.09070000052452087,0.7505912184715271,0.516653299331665,233.9378662109375
151,0.02969999983906746,0.039900001138448715,0.06400000303983688,0.11259999871253967,0.15289999544620514,0.11620000004768372,0.672164261341095,-0.015734272077679634,687.8984985351562
152,0.031199999153614044,0.03790000081062317,0.048500001430511475,0.08810000121593475,0.1688999980688095,0.17270000278949738,0.23153527081012726,-0.32438650727272034,555.9217529296875
153,0.045099999755620956,0.06515000015497208,0.07859999686479568,0.2101999968290329,0.18185000121593475,0.11649999767541885,0.6321839094161987,0.28680747747421265,345.3764343261719
154,0.07635000348091125,0.09064999967813492,0.11020000278949738,0.24819999933242798,0.296999990940094,0.22095000743865967,0.4850390553474426,0.05808375030755997,426.955322265625
155,0.05640000104904175,0.06970000267028809,0.08399999886751175,0.1657000035047531,0.21040000021457672,0.17800000309944153,0.3613911271095276,-0.03578701987862587,397.17816162109375
156,0.03974999859929085,0.05505000054836273,0.0625,0.18709999322891235,0.19824999570846558,0.12894999980926514,0.5870720744132996,0.18398985266685486,403.0822448730469
157,0.043699998408555984,0.05299999937415123,0.06589999794960022,0.16040000319480896,0.2227499932050705,0.15805000066757202,0.47523659467697144,0.007379502058029175,467.8570861816406
158,0.037300001829862595,0.04280000180006027,0.04690000042319298,0.12549999356269836,0.19984999299049377,0.14880000054836273,0.5424304008483887,-0.08494351804256439,627.3739013671875
159,0.044599998742341995,0.061799999326467514,0.06780000030994415,0.18440000712871552,0.21639999747276306,0.13950000703334808,0.5572971701622009,0.13862302899360657,418.67413330078125
160,0.052299998700618744,0.07090000063180923,0.07800000160932541,0.2345000058412552,0.22360000014305115,0.15289999544620514,0.5327609777450562,0.2106350213289261,322.12591552734375
161,0.03844999894499779,0.052799999713897705,0.05844999849796295,0.1534000039100647,0.23624999821186066,0.20514999330043793,0.502129316329956,-0.14433130621910095,646.4606323242188
162,0.03180000185966492,0.039900001138448715,0.052400000393390656,0.09019999951124191,0.17329999804496765,0.17270000278949738,0.18787416815757751,-0.31380754709243774,501.68170166015625
163,0.10949999839067459,0.09279999881982803,0.0997999981045723,0.18279999494552612,0.3032500147819519,0.3104499876499176,0.49290603399276733,-0.2587937116622925,751.6997680664062
164,0.1014999970793724,0.09560000151395798,0.10109999775886536,0.15330000221729279,0.2718999981880188,0.29945001006126404,0.4908062517642975,-0.3228050768375397,813.611328125
165,0.05559999868273735,0.08129999786615372,0.08799999952316284,0.24120000004768372,0.2703999876976013,0.22130000591278076,0.4288646876811981,0.043027013540267944,385.8376770019531
166,0.04500000178813934,0.0551999993622303,0.05860000103712082,0.19089999794960022,0.217849999666214,0.1659500002861023,0.5514705777168274,0.06991732865571976,481.5532531738281
167,0.08139999955892563,0.0731000006198883,0.08340000361204147,0.12839999794960022,0.2175000011920929,0.22669999301433563,0.5984945893287659,-0.2768234312534332,875.3179931640625
168,0.041999999433755875,0.06424999982118607,0.06904999911785126,0.15240000188350677,0.20464999973773956,0.1574999988079071,0.5866189002990723,-0.016456911340355873,603.0758056640625
169,0.05779999867081642,0.06809999793767929,0.05900000035762787,0.32199999690055847,0.22030000388622284,0.12460000067949295,0.7065324783325195,0.44200626015663147,264.5262145996094
170,0.09059999883174896,0.10315000265836716,0.12080000340938568,0.3375999927520752,0.22190000116825104,0.15559999644756317,0.6878686547279358,0.36901864409446716,318.8499755859375
171,0.03799999877810478,0.05939999967813492,0.0697999969124794,0.3463999927043915,0.17409999668598175,0.0917000025510788,0.7662338018417358,0.5813741087913513,184.85968017578125
172,0.03139999881386757,0.04919999837875366,0.05649999901652336,0.1906999945640564,0.18185000121593475,0.11649999767541885,0.6065896153450012,0.2415364533662796,365.0531921386719
173,0.03269999846816063,0.05040000006556511,0.03880000114440918,0.32519999146461487,0.18719999492168427,0.11339999735355377,0.5893677473068237,0.48290014266967773,106.46760559082031
174,0.03200000151991844,0.025299999862909317,0.027300000190734863,0.05260000005364418,0.11860000342130661,0.13269999623298645,0.5678633451461792,-0.4322719871997833,1000.1353149414062
175,0.03629999980330467,0.04515000060200691,0.04984999820590019,0.14550000429153442,0.20360000431537628,0.15330000221729279,0.5458368062973022,-0.026104409247636795,571.9412231445312
176,0.023099999874830246,0.028200000524520874,0.040950000286102295,0.07180000096559525,0.14959999918937683,0.13465000689029694,0.5800976753234863,-0.30443209409713745,884.5297241210938
177,0.03044999949634075,0.04594999924302101,0.04769999906420708,0.13809999823570251,0.16859999299049377,0.13089999556541443,0.5521628260612488,0.026765810325741768,525.3970336914062
178,0.10939999669790268,0.10980000346899033,0.11159999668598175,0.2897999882698059,0.29170000553131104,0.1876000016927719,0.6843810677528381,0.2140762209892273,470.3048400878906
179,0.09130000323057175,0.09099999815225601,0.09560000151395798,0.1834000051021576,0.2840999960899353,0.25290000438690186,0.49187979102134705,-0.15929405391216278,651.173828125
180,0.04309999942779541,0.061000000685453415,0.061400000005960464,0.20499999821186066,0.19429999589920044,0.155799999833107,0.4882185757160187,0.13636362552642822,351.8549499511719
181,0.031599998474121094,0.03709999844431877,0.04769999906420708,0.0832500010728836,0.17339999973773956,0.19095000624656677,0.22894960641860962,-0.39277899265289307,621.7286376953125
182,0.03610000014305115,0.044599998742341995,0.05094999819993973,0.20280000567436218,0.17299999296665192,0.10520000010728836,0.6911704540252686,0.3168831169605255,374.28729248046875
183,0.02889999933540821,0.03629999980330467,0.050450000911951065,0.08955000340938568,0.1639000028371811,0.16134999692440033,0.4997754693031311,-0.28616976737976074,785.9452514648438
184,0.04659999907016754,0.06390000134706497,0.08500000089406967,0.16859999299049377,0.20110000669956207,0.17329999804496765,0.6388971209526062,-0.013746724463999271,652.6438598632812
185,0.026799999177455902,0.04270000010728836,0.04259999841451645,0.23319999873638153,0.15970000624656677,0.08699999749660492,0.6379289031028748,0.45658963918685913,181.33926391601562
186,0.03970000147819519,0.0458500012755394,0.04839999973773956,0.14980000257492065,0.19429999589920044,0.15185000002384186,0.5538057684898376,-0.006795946974307299,560.6017456054688
187,0.02500000037252903,0.040800001472234726,0.03375000134110451,0.25699999928474426,0.14350000023841858,0.07855000346899033,0.7122271656990051,0.5318134427070618,180.4137420654297
188,0.05900000035762787,0.08810000121593475,0.10980000346899033,0.266400009393692,0.28600001335144043,0.17249999940395355,0.420649915933609,0.2139439731836319,206.7059326171875
189,0.03970000147819519,0.04645000025629997,0.05920000001788139,0.1062999963760376,0.16854999959468842,0.15610000491142273,0.43540453910827637,-0.1897866129875183,625.191162109375
190,0.027249999344348907,0.033799998462200165,0.04830000177025795,0.08290000259876251,0.16500000655651093,0.16519999504089355,0.44269779324531555,-0.33172106742858887,774.4188232421875
191,0.05209999904036522,0.05820000171661377,0.06970000267028809,0.23819999396800995,0.20720000565052032,0.13220000267028809,0.44900062680244446,0.2861770987510681,162.8235321044922
192,0.046950001269578934,0.05550000071525574,0.058400001376867294,0.17479999363422394,0.19415000081062317,0.14315000176429749,0.45746251940727234,0.09954392910003662,357.9186096191406
193,0.061799999326467514,0.07479999959468842,0.0949999988079071,0.15369999408721924,0.22290000319480896,0.23614999651908875,0.2977604866027832,-0.21149161458015442,509.2521057128906
194,0.03530000150203705,0.03709999844431877,0.04729999974370003,0.0778999999165535,0.16840000450611115,0.17955000698566437,0.28447526693344116,-0.3948339521884918,679.3092651367188
195,0.04414999857544899,0.05025000125169754,0.06719999760389328,0.09700000286102295,0.21895000338554382,0.24310000240802765,0.2983662486076355,-0.4295795261859894,727.94580078125
196,0.01875000074505806,0.02329999953508377,0.023600000888109207,0.09510000050067902,0.08810000121593475,0.09025000035762787,0.3369896411895752,0.02616671286523342,310.82293701171875
197,0.039650000631809235,0.04259999841451645,0.052549999207258224,0.08410000056028366,0.20284999907016754,0.22214999794960022,0.2998259663581848,-0.45077550411224365,750.6014404296875
198,0.04360000044107437,0.045899998396635056,0.05460000038146973,0.0851999968290329,0.14534999430179596,0.15790000557899475,0.26899436116218567,-0.2990539073944092,568.0482788085938
199,0.032499998807907104,0.041600000113248825,0.05829999968409538,0.16060000658035278,0.15320000052452087,0.1193000003695488,0.5697728395462036,0.1475527137517929,422.2201232910156
200,0.040300000458955765,0.04830000177025795,0.06019999831914902,0.11100000143051147,0.12800000607967377,0.10890000313520432,0.6676489114761353,0.009549787268042564,658.09912109375
201,0.02810000069439411,0.034449998289346695,0.04764999821782112,0.08259999752044678,0.163100004196167,0.18035000562667847,0.26255759596824646,-0.37174370884895325,634.3013305664062
202,0.031700000166893005,0.04574999958276749,0.056449998170137405,0.11919999867677689,0.18655000627040863,0.14765000343322754,0.3929135799407959,-0.10661421716213226,499.5278015136719
203,0.041200000792741776,0.045099999755620956,0.05849999934434891,0.09120000153779984,0.19670000672340393,0.22100000083446503,0.214849591255188,-0.4157591164112091,630.6087036132812
204,0.03420000150799751,0.03819999843835831,0.048500001430511475,0.06459999829530716,0.17425000667572021,0.19744999706745148,0.27549830079078674,-0.5069643259048462,782.4625854492188
205,0.04170000180602074,0.04774999991059303,0.061799999326467514,0.08264999836683273,0.18105000257492065,0.20749999582767487,0.21690291166305542,-0.4302946627140045,647.1975708007812
206,0.04149999842047691,0.06319999694824219,0.0697999969124794,0.26579999923706055,0.15320000052452087,0.0982000008225441,0.7028642296791077,0.4604395627975464,242.42465209960938
207,0.03629999980330467,0.03759999945759773,0.045899998396635056,0.08829999715089798,0.14350000023841858,0.11680000275373459,0.6286227107048035,-0.13895663619041443,767.579345703125
208,0.0348999984562397,0.03485000133514404,0.03929999843239784,0.06159999966621399,0.14775000512599945,0.15845000743865967,0.26631519198417664,-0.44012725353240967,706.4424438476562
209,0.029249999672174454,0.03125,0.040150001645088196,0.08365000039339066,0.10339999943971634,0.09220000356435776,0.7184237241744995,-0.048621002584695816,767.0447387695312
210,0.02565000019967556,0.030300000682473183,0.039400000125169754,0.10350000113248825,0.15105000138282776,0.12354999780654907,0.6412805318832397,-0.08830652385950089,729.5870361328125
211,0.03889999911189079,0.04255000129342079,0.05380000174045563,0.08669999986886978,0.18469999730587006,0.18940000236034393,0.28932124376296997,-0.371966689825058,661.2879638671875
212,0.047200001776218414,0.05889999866485596,0.0731000006198883,0.09759999811649323,0.15150000154972076,0.1518000066280365,0.6391437649726868,-0.21732160449028015,856.46533203125
213,0.058800000697374344,0.07000000029802322,0.08669999986886978,0.12280000001192093,0.23309999704360962,0.20730000734329224,0.09262087941169739,-0.25598305463790894,348.60394287109375
214,0.04854999855160713,0.05350000038743019,0.06404999643564224,0.08384999632835388,0.17800000309944153,0.21539999544620514,0.18186324834823608,-0.43959900736808777,621.4622802734375
215,0.026799999177455902,0.03460000082850456,0.04879999905824661,0.08240000158548355,0.18780000507831573,0.16339999437332153,0.4393765926361084,-0.32953616976737976,768.9127807617188
216,0.06265000253915787,0.07649999856948853,0.09165000170469284,0.16699999570846558,0.21660000085830688,0.18334999680519104,0.3892901837825775,-0.04666762053966522,435.9577941894531
217,0.009800000116229057,0.017899999395012856,0.02419999986886978,0.10700000077486038,0.08299999684095383,0.052400000393390656,0.8086956739425659,0.34253451228141785,466.1611328125
218,0.027499999850988388,0.03359999880194664,0.04755000025033951,0.07259999960660934,0.1886499971151352,0.20739999413490295,0.31670376658439636,-0.4814285635948181,798.13232421875
219,0.025499999523162842,0.02500000037252903,0.03099999949336052,0.066600002348423,0.11415000259876251,0.12349999696016312,0.26633521914482117,-0.2993161082267761,565.6513671875
220,0.04360000044107437,0.051649998873472214,0.06759999692440033,0.1099499985575676,0.18649999797344208,0.20350000262260437,0.38402116298675537,-0.2984527051448822,682.473876953125
221,0.01720000058412552,0.023600000888109207,0.034699998795986176,0.08079999685287476,0.10700000077486038,0.09510000050067902,0.6971547603607178,-0.08129621297121048,778.4509887695312
222,0.04075000062584877,0.05454999953508377,0.07734999805688858,0.13050000369548798,0.23999999463558197,0.2048500031232834,0.4968850612640381,-0.22170865535736084,718.59375
223,0.05584999918937683,0.060499999672174454,0.06804999709129333,0.10849999636411667,0.19894999265670776,0.2016499936580658,0.2970414161682129,-0.3003385365009308,597.3799438476562
224,0.026000000536441803,0.03449999913573265,0.04520000144839287,0.11180000007152557,0.11289999634027481,0.09449999779462814,0.7109144926071167,0.08385846763849258,627.0559692382812
225,0.02889999933540821,0.03884999826550484,0.043049998581409454,0.19939999282360077,0.15119999647140503,0.10864999890327454,0.5675840973854065,0.29459503293037415,272.9891052246094
226,0.026599999517202377,0.029999999329447746,0.03849999979138374,0.066600002348423,0.14509999752044678,0.14800000190734863,0.4601542353630066,-0.37931033968925476,839.464599609375
227,0.030050000175833702,0.03474999964237213,0.046950001269578934,0.08309999853372574,0.12700000405311584,0.10984999686479568,0.7293108105659485,-0.13863694667816162,867.94775390625
228,0.049400001764297485,0.05420000106096268,0.06539999693632126,0.09610000252723694,0.20069999992847443,0.22734999656677246,0.2979111671447754,-0.4057813882827759,703.6925659179688
229,0.054499998688697815,0.0729999989271164,0.10239999741315842,0.15940000116825104,0.26930001378059387,0.2768000066280365,0.40909090638160706,-0.26914259791374207,678.2335205078125
230,0.03920000046491623,0.0434500016272068,0.05674999952316284,0.07850000262260437,0.1762000024318695,0.1899999976158142,0.17365266382694244,-0.41527000069618225,588.9226684570312
231,0.03590000048279762,0.04470000043511391,0.0604499988257885,0.12049999833106995,0.15950000286102295,0.13819999992847443,0.7233429551124573,-0.06841902434825897,791.761962890625
232,0.017400000244379044,0.021199999377131462,0.030799999833106995,0.05429999902844429,0.09920000284910202,0.08049999922513962,0.7845351696014404,-0.19436201453208923,978.897216796875
233,0.0272000003606081,0.0284000001847744,0.04190000146627426,0.08980000019073486,0.12039999663829803,0.10040000081062317,0.695212185382843,-0.05573081225156784,750.9429931640625
234,0.012500000186264515,0.021199999377131462,0.02280000038444996,0.1428000032901764,0.08900000154972076,0.055399999022483826,0.7674117088317871,0.44096872210502625,326.4429931640625
235,0.03579999879002571,0.04560000076889992,0.05180000141263008,0.1687999963760376,0.14419999718666077,0.11479999870061874,0.5821845531463623,0.19040901958942413,391.7755126953125
236,0.01759999990463257,0.023000000044703484,0.03009999915957451,0.09390000253915787,0.08184999972581863,0.06084999814629555,0.7857605218887329,0.21357029676437378,572.190185546875
237,0.04764999821782112,0.06345000118017197,0.08129999786615372,0.15150000154972076,0.2562499940395355,0.23890000581741333,0.37099525332450867,-0.22387295961380005,594.8682250976562
238,0.04270000010728836,0.050450000911951065,0.06239999830722809,0.09120000153779984,0.187049999833107,0.19470000267028809,0.30395275354385376,-0.36201468110084534,665.9674072265625
239,0.03200000151991844,0.04019999876618385,0.05420000106096268,0.09969999641180038,0.11840000003576279,0.09960000216960907,0.65688157081604,0.0005017272778786719,656.3798217773438
240,0.03905000165104866,0.05429999902844429,0.07880000025033951,0.13895000517368317,0.23624999821186066,0.2076999992132187,0.43925952911376953,-0.19832682609558105,637.5863647460938
241,0.009100000374019146,0.015399999916553497,0.02250000089406967,0.15379999577999115,0.0786999985575676,0.04450000077486038,0.7898575067520142,0.5511850714683533,238.67242431640625
242,0.01640000008046627,0.02419999986886978,0.041200000792741776,0.10339999943971634,0.09619999676942825,0.06939999759197235,0.6926020383834839,0.19675926864147186,495.8427734375
