FID,B2,B3,B4,B5,B6,B7,B8,B8A,B11,B12,NDVI,NBR,NDWI,NDRE,BSI
0,0.06159999966621399,0.10050000250339508,0.10580000281333923,0.15219999849796295,0.2538999915122986,0.2881999909877777,0.3009999990463257,0.325300008058548,0.23839999735355377,0.16009999811649323,0.4798426628112793,0.30557364225387573,-0.4993773102760315,0.328331857919693,-0.0260328222066164
1,0.038100000470876694,0.059950001537799835,0.0608999989926815,0.11155000329017639,0.21789999306201935,0.2551000118255615,0.2897000014781952,0.2996000051498413,0.19200000166893005,0.10530000180006027,0.652595579624176,0.4668354392051697,-0.657085657119751,0.44398751854896545,-0.12898226082324982
2,0.015799999237060547,0.03319999948143959,0.020800000056624413,0.061000000685453415,0.227400004863739,0.28110000491142273,0.2863999903202057,0.30570000410079956,0.11410000175237656,0.05220000073313713,0.8645833134651184,0.6916715502738953,-0.7922403216362,0.6488198041915894,-0.38274991512298584
3,0.035599999129772186,0.05739999935030937,0.06199999898672104,0.12200000137090683,0.2526000142097473,0.29490000009536743,0.3077999949455261,0.33730000257492065,0.20559999346733093,0.11209999769926071,0.6646836400032043,0.46606335043907166,-0.6856517195701599,0.4322940707206726,-0.12405892461538315
4,0.026850000023841858,0.054749999195337296,0.05420000106096268,0.1107499971985817,0.22030000388622284,0.2628999948501587,0.30140000581741333,0.30774998664855957,0.1996999979019165,0.10764999687671661,0.6951631307601929,0.4736585021018982,-0.6925452947616577,0.4625743329524994,-0.12771622836589813
5,0.06300000101327896,0.09700000286102295,0.1306000053882599,0.19140000641345978,0.24570000171661377,0.2809000015258789,0.3176000118255615,0.3375000059604645,0.33169999718666077,0.1995999962091446,0.4172244369983673,0.2281516194343567,-0.5320791006088257,0.2479371279478073,0.09692726284265518
6,0.02645000070333481,0.05040000006556511,0.03999999910593033,0.10464999824762344,0.26440000534057617,0.32910001277923584,0.37139999866485596,0.38484999537467957,0.18455000221729279,0.09375,0.8055420517921448,0.5969042181968689,-0.7610241770744324,0.5603402853012085,-0.2784382998943329
7,0.02539999969303608,0.0507499985396862,0.04170000180602074,0.11044999957084656,0.24889999628067017,0.2966499924659729,0.29980000853538513,0.3338499963283539,0.17949999868869781,0.09139999747276306,0.7557833194732666,0.5327198505401611,-0.7104550004005432,0.4615478515625,-0.19033676385879517
8,0.032099999487400055,0.06560000032186508,0.053199999034404755,0.13750000298023224,0.2759999930858612,0.32899999618530273,0.3700000047683716,0.38600000739097595,0.20090000331401825,0.10559999942779541,0.7485822439193726,0.5559293627738953,-0.6988062262535095,0.45812806487083435,-0.22554099559783936
9,0.027899999171495438,0.054999999701976776,0.0608999989926815,0.12189999967813492,0.22904999554157257,0.27219998836517334,0.28760001063346863,0.3267500102519989,0.2176000028848648,0.1205499991774559,0.6505021452903748,0.4092858135700226,-0.6789258718490601,0.4046398103237152,-0.06228957325220108
10,0.03554999828338623,0.057750001549720764,0.05570000037550926,0.11240000277757645,0.22540000081062317,0.275299996137619,0.28439998626708984,0.3227500021457672,0.1887499988079071,0.10300000011920929,0.6724492907524109,0.4682498574256897,-0.6624287366867065,0.43346771597862244,-0.13377034664154053
11,0.016300000250339508,0.04039999842643738,0.027699999511241913,0.06655000150203705,0.20464999973773956,0.2561500072479248,0.2937000095844269,0.2854999899864197,0.12065000087022781,0.05624999850988388,0.8276291489601135,0.6785255074501038,-0.7581562399864197,0.6305343508720398,-0.3526780903339386
12,0.04244999960064888,0.06129999831318855,0.06710000336170197,0.11065000295639038,0.18060000240802765,0.21295000612735748,0.23180000483989716,0.25279998779296875,0.16920000314712524,0.09229999780654907,0.5510203838348389,0.43042272329330444,-0.5817127227783203,0.3537742793560028,-0.07433159649372101
13,0.024000000208616257,0.05355000123381615,0.042149998247623444,0.11990000307559967,0.2971000075340271,0.36629998683929443,0.3887999951839447,0.42114999890327454,0.1761000007390976,0.08545000106096268,0.8043856620788574,0.639641523361206,-0.7578840255737305,0.5286023020744324,-0.30829569697380066
14,0.035599999129772186,0.07090000063180923,0.06080000102519989,0.13680000603199005,0.2694999873638153,0.32339999079704285,0.37439998984336853,0.3718000054359436,0.2078000009059906,0.11159999668598175,0.720588207244873,0.5407407283782959,-0.6815629601478577,0.4647887051105499,-0.2083701640367508
15,0.029349999502301216,0.05900000035762787,0.05855000019073486,0.1234000027179718,0.2519499957561493,0.3064500093460083,0.32760000228881836,0.36629998683929443,0.2057500034570694,0.1080000028014183,0.6967499852180481,0.5041322112083435,-0.6947749853134155,0.4527716040611267,-0.1491347998380661
16,0.02969999983906746,0.06129999831318855,0.054499998688697815,0.12939999997615814,0.29919999837875366,0.36899998784065247,0.3953999876976013,0.42739999294281006,0.2037999927997589,0.10315000265836716,0.7577239274978638,0.586199939250946,-0.7315524220466614,0.5068597197532654,-0.244073748588562
17,0.02979999966919422,0.05420000106096268,0.052799999713897705,0.11909999698400497,0.27079999446868896,0.32919999957084656,0.3483999967575073,0.3797000050544739,0.18860000371932983,0.09920000284910202,0.7367896437644958,0.5567470788955688,-0.7307501435279846,0.49048128724098206,-0.22078759968280792
18,0.026599999517202377,0.05130000039935112,0.039650000631809235,0.10029999911785126,0.23684999346733093,0.2924500107765198,0.3253999948501587,0.33524999022483826,0.18365000188350677,0.09544999897480011,0.782769501209259,0.5463942289352417,-0.7276347279548645,0.5287761092185974,-0.2237093597650528
19,0.016349999234080315,0.03620000183582306,0.028699999675154686,0.07644999772310257,0.22544999420642853,0.27524998784065247,0.3077000081539154,0.3050999939441681,0.1415500044822693,0.06939999759197235,0.8293697834014893,0.6319279074668884,-0.7894736528396606,0.6019784212112427,-0.3111470639705658
20,0.04100000113248825,0.07660000026226044,0.09440000355243683,0.1696999967098236,0.27059999108314514,0.3172000050544739,0.3271999955177307,0.3668000102043152,0.2888999879360199,0.17159999907016754,0.552182137966156,0.31194868683815,-0.6206042766571045,0.3169651925563812,0.020093141123652458
21,0.0714000016450882,0.10459999740123749,0.1387999951839447,0.19110000133514404,0.24940000474452972,0.28299999237060547,0.3046000003814697,0.33340001106262207,0.3343000113964081,0.20319999754428864,0.3739287555217743,0.19968491792678833,-0.48875856399536133,0.22896912693977356,0.1143563836812973
22,0.02669999934732914,0.04904999956488609,0.05040000006556511,0.10715000331401825,0.22304999828338623,0.26969999074935913,0.26989999413490295,0.32545000314712524,0.19075000286102295,0.10209999978542328,0.685295045375824,0.4510752558708191,-0.6924282908439636,0.4316403567790985,-0.10311481356620789
23,0.03150000050663948,0.053599998354911804,0.05900000035762787,0.12020000070333481,0.23090000450611115,0.2881999909877777,0.2971999943256378,0.3400000035762787,0.1940000057220459,0.11060000211000443,0.6687254309654236,0.4575772285461426,-0.6944127678871155,0.4240536689758301,-0.13013578951358795
24,0.050599999725818634,0.08269999921321869,0.09740000218153,0.17630000412464142,0.26170000433921814,0.30000001192092896,0.33399999141693115,0.3610999882221222,0.28380000591278076,0.16290000081062317,0.5484468936920166,0.3443348705768585,-0.6030717492103577,0.3090338706970215,-0.004439779557287693
25,0.029650000855326653,0.053950000554323196,0.047600001096725464,0.1088000014424324,0.23180000483989716,0.28345000743865967,0.3215999901294708,0.33160001039505005,0.19210000336170197,0.10289999842643738,0.7421451807022095,0.5151943564414978,-0.7126880288124084,0.4944237768650055,-0.188763827085495
26,0.03099999949336052,0.05620000138878822,0.05939999967813492,0.13510000705718994,0.26429998874664307,0.3212999999523163,0.35120001435279846,0.3788999915122986,0.24480000138282776,0.12999999523162842,0.7106673121452332,0.4596841633319855,-0.724104106426239,0.4443759024143219,-0.11363638192415237
27,0.03319999948143959,0.057500001043081284,0.06920000165700912,0.12099999934434891,0.1940000057220459,0.23190000653266907,0.2484000027179718,0.27584999799728394,0.21764999628067017,0.12115000188350677,0.5642317533493042,0.34433770179748535,-0.6240601539611816,0.34488359093666077,0.009235633537173271
28,0.027899999171495438,0.0531499981880188,0.041749998927116394,0.09019999951124191,0.26330000162124634,0.31220000982284546,0.31529998779296875,0.34915000200271606,0.15985000133514404,0.07750000059604645,0.7661392092704773,0.60539710521698,-0.7114940881729126,0.555117130279541,-0.2599118649959564
29,0.030249999836087227,0.05624999850988388,0.05355000123381615,0.12240000069141388,0.2549999952316284,0.3052999973297119,0.319599986076355,0.353300005197525,0.20524999499320984,0.11105000227689743,0.712984025478363,0.4842679500579834,-0.7006784677505493,0.44615381956100464,-0.14959335327148438
30,0.01425000000745058,0.03635000064969063,0.030150000005960464,0.0904499962925911,0.2087000012397766,0.24854999780654907,0.2621000111103058,0.2842000126838684,0.16175000369548798,0.08720000088214874,0.7936698198318481,0.5007157325744629,-0.7564080953598022,0.4868813157081604,-0.18035238981246948
31,0.03229999914765358,0.06260000169277191,0.06509999930858612,0.09619999676942825,0.20180000364780426,0.23720000684261322,0.25609999895095825,0.26054999232292175,0.16040000319480896,0.09974999725818634,0.594645082950592,0.4393705427646637,-0.6071540713310242,0.4538745582103729,-0.12239734828472137
32,0.015250000171363354,0.037700001150369644,0.022350000217556953,0.061799999326467514,0.2121499925851822,0.2592499852180481,0.2815999984741211,0.28949999809265137,0.11219999939203262,0.05220000073313713,0.852936327457428,0.6872378587722778,-0.763858437538147,0.6400699019432068,-0.37621697783470154
33,0.026200000196695328,0.053199999034404755,0.03864999860525131,0.10724999755620956,0.26570001244544983,0.3269999921321869,0.35420000553131104,0.37790000438690186,0.17614999413490295,0.08910000324249268,0.8032327890396118,0.5980148911476135,-0.738831639289856,0.5351608991622925,-0.278225839138031
34,0.028699999675154686,0.052400000393390656,0.05389999970793724,0.11055000126361847,0.2186499983072281,0.26374998688697815,0.3043999969959259,0.3100999891757965,0.19245000183582306,0.10509999841451645,0.6991348266601562,0.48669108748435974,-0.7062780261039734,0.4671647250652313,-0.14971092343330383
35,0.06279999762773514,0.09359999746084213,0.1143999993801117,0.1761000007390976,0.250900000333786,0.28139999508857727,0.30379998683929443,0.3336000144481659,0.2912999987602234,0.18330000340938568,0.45289334654808044,0.24738243222236633,-0.5289381146430969,0.2660970687866211,0.05062801390886307
36,0.03359999880194664,0.056299999356269836,0.058400001376867294,0.12290000170469284,0.23810000717639923,0.2745000123977661,0.30079999566078186,0.32269999384880066,0.21150000393390656,0.11659999936819077,0.6748329401016235,0.4413033127784729,-0.6846821904182434,0.41987255215644836,-0.10673505067825317
37,0.042500000447034836,0.07109999656677246,0.07649999856948853,0.14059999585151672,0.25119999051094055,0.29725000262260437,0.33719998598098755,0.35089999437332153,0.218299999833107,0.12449999898672104,0.63016676902771,0.4606887400150299,-0.6517266631126404,0.4114692211151123,-0.12587100267410278
38,0.026149999350309372,0.05820000171661377,0.04724999889731407,0.12755000591278076,0.2921999990940094,0.35280001163482666,0.3693999946117401,0.40459999442100525,0.18815000355243683,0.09359999746084213,0.7731909155845642,0.5956803560256958,-0.7277829647064209,0.4866686463356018,-0.25382357835769653
39,0.03480000048875809,0.06120000034570694,0.06589999794960022,0.12600000202655792,0.2930000126361847,0.32919999957084656,0.37279999256134033,0.37380000948905945,0.19910000264644623,0.10320000350475311,0.6995669007301331,0.5663865208625793,-0.7179723381996155,0.4947874844074249,-0.21201308071613312
40,0.03400000184774399,0.06360000371932983,0.062199998646974564,0.13279999792575836,0.28029999136924744,0.3176000118255615,0.3472000062465668,0.3698999881744385,0.21950000524520874,0.11829999834299088,0.696140706539154,0.49172934889793396,-0.6903602480888367,0.4466666877269745,-0.15009805560112
41,0.031199999153614044,0.05939999967813492,0.052000001072883606,0.12245000153779984,0.2644500136375427,0.31474998593330383,0.334199994802475,0.3637000024318695,0.19979999959468842,0.10649999976158142,0.7307094931602478,0.5166780352592468,-0.6981707215309143,0.4637030363082886,-0.18405702710151672
42,0.024800000712275505,0.051100000739097595,0.04334999993443489,0.11079999804496765,0.2503499984741211,0.3028999865055084,0.2962999939918518,0.3504500091075897,0.19480000436306,0.10119999945163727,0.7447372078895569,0.4908176064491272,-0.7058145999908447,0.4556620121002197,-0.14832362532615662
43,0.024800000712275505,0.05270000174641609,0.04610000178217888,0.11460000276565552,0.2553499937057495,0.323199987411499,0.3628000020980835,0.3817499876022339,0.195700004696846,0.10029999911785126,0.7745169997215271,0.5668322443962097,-0.7463297247886658,0.5198994278907776,-0.23164917528629303
44,0.028850000351667404,0.05909999832510948,0.052400000393390656,0.12690000236034393,0.2881999909877777,0.3467499911785126,0.3702000081539154,0.4115999937057495,0.19779999554157257,0.09894999861717224,0.7520113587379456,0.5781732797622681,-0.7246680855751038,0.4894387423992157,-0.22926455736160278
45,0.02879999950528145,0.055399999022483826,0.05090000107884407,0.12330000102519989,0.26969999074935913,0.3237999975681305,0.35280001163482666,0.38659998774528503,0.19220000505447388,0.09629999846220016,0.7478325366973877,0.571142315864563,-0.728564441204071,0.482041597366333,-0.22170642018318176
46,0.029850000515580177,0.05649999901652336,0.05429999902844429,0.11535000056028366,0.22384999692440033,0.26635000109672546,0.31369999051094055,0.31299999356269836,0.20890000462532043,0.11410000175237656,0.7048913240432739,0.46657314896583557,-0.6947596073150635,0.4623004198074341,-0.13242684304714203
47,0.029999999329447746,0.05480000004172325,0.052299998700618744,0.11739999800920486,0.24525000154972076,0.29789999127388,0.31709998846054077,0.350849986076355,0.20720000565052032,0.11084999889135361,0.7168381214141846,0.4819488227367401,-0.7052971124649048,0.4596087336540222,-0.14441144466400146
48,0.04989999905228615,0.07360000163316727,0.07419999688863754,0.12210000306367874,0.2345999926328659,0.2800999879837036,0.33559998869895935,0.3253999948501587,0.19210000336170197,0.10719999670982361,0.6378721594810486,0.5158084630966187,-0.6402736902236938,0.46646273136138916,-0.18287816643714905
49,0.02889999933540821,0.05660000070929527,0.04650000110268593,0.125,0.2840999960899353,0.3366999924182892,0.3431999981403351,0.3944999873638153,0.17550000548362732,0.09210000187158585,0.7613548636436462,0.5768435597419739,-0.716858446598053,0.46604016423225403,-0.25265106558799744
50,0.028850000351667404,0.05225000157952309,0.04755000025033951,0.09179999679327011,0.21220000088214874,0.25429999828338623,0.2621999979019165,0.28529998660087585,0.1862500011920929,0.10869999974966049,0.6929782032966614,0.41385817527770996,-0.6676737070083618,0.4813559353351593,-0.1090787798166275
51,0.03334999829530716,0.04899999871850014,0.05820000171661377,0.08919999748468399,0.12325000017881393,0.1386999934911728,0.15389999747276306,0.1628500074148178,0.23675000667572021,0.1424500048160553,0.45120224356651306,0.038636721670627594,-0.5170034766197205,0.26614561676979065,0.22335132956504822
52,0.07280000299215317,0.09910000115633011,0.11819999665021896,0.19384999573230743,0.28824999928474426,0.3260500133037567,0.3479999899864197,0.3850499987602234,0.30125001072883606,0.17219999432563782,0.49292150139808655,0.33794695138931274,-0.556698739528656,0.284488320350647,-0.001606647507287562
53,0.04089999943971634,0.0681999996304512,0.06880000233650208,0.13040000200271606,0.21619999408721924,0.2538999915122986,0.29980000853538513,0.3028999865055084,0.25119999051094055,0.14229999482631683,0.6266956329345703,0.3562542796134949,-0.6293478608131409,0.39377033710479736,-0.03133042901754379
54,0.033399999141693115,0.0551999993622303,0.06159999966621399,0.10480000078678131,0.16979999840259552,0.19550000131130219,0.23440000414848328,0.2305999994277954,0.22949999570846558,0.12929999828338623,0.5837838053703308,0.28897443413734436,-0.6187845468521118,0.3820754885673523,0.04168901965022087
55,0.020600000396370888,0.0393499992787838,0.031050000339746475,0.06159999966621399,0.181099995970726,0.21924999356269836,0.21580000221729279,0.23944999277591705,0.13740000128746033,0.0799499973654747,0.7484301924705505,0.4593406617641449,-0.6915540099143982,0.5558760166168213,-0.16783994436264038
56,0.03830000013113022,0.05040000006556511,0.07114999741315842,0.08474999666213989,0.09165000170469284,0.10140000283718109,0.11140000075101852,0.12285000085830688,0.22519999742507935,0.14114999771118164,0.2204875648021698,-0.11779844760894775,-0.3770086467266083,0.13586543500423431,0.3287747800350189
57,0.031599998474121094,0.06539999693632126,0.06840000301599503,0.1339000016450882,0.30329999327659607,0.34200000762939453,0.3808000087738037,0.39989998936653137,0.2117999941110611,0.10980000346899033,0.6954585909843445,0.5523848533630371,-0.7068579196929932,0.47969692945480347,-0.19087497889995575
58,0.05139999836683273,0.06260000169277191,0.0803999975323677,0.09860000014305115,0.1116499975323677,0.12080000340938568,0.11739999800920486,0.14030000567436218,0.24289999902248383,0.16680000722408295,0.18705764412879944,-0.17382128536701202,-0.30444443225860596,0.08703702688217163,0.31396058201789856
59,0.03420000150799751,0.049550000578165054,0.05700000002980232,0.07814999669790268,0.11535000056028366,0.1315000057220459,0.15109999477863312,0.16044999659061432,0.20520000159740448,0.13465000689029694,0.4521864354610443,0.05756776034832001,-0.5061051249504089,0.31821155548095703,0.17184358835220337
60,0.045899998396635056,0.06315000355243683,0.07935000211000443,0.1164499968290329,0.14014999568462372,0.15584999322891235,0.1518000066280365,0.17919999361038208,0.28870001435279846,0.17890000343322754,0.31343284249305725,-0.08194737136363983,-0.41242149472236633,0.13178008794784546,0.30110472440719604
61,0.05869999900460243,0.08449999988079071,0.11339999735355377,0.1639000028371811,0.22464999556541443,0.2587999999523163,0.2782000005245209,0.304749995470047,0.26820001006126404,0.15649999678134918,0.4208376109600067,0.2799631953239441,-0.5340501666069031,0.25853878259658813,0.062212955206632614
62,0.04430000111460686,0.0608999989926815,0.07100000232458115,0.09139999747276306,0.1177000030875206,0.13009999692440033,0.14970000088214874,0.15330000221729279,0.23399999737739563,0.15684999525547028,0.35659265518188477,-0.02332407236099243,-0.4216524362564087,0.24180839955806732,0.22244487702846527
63,0.041600000113248825,0.07660000026226044,0.06419999897480011,0.15620000660419464,0.3587999939918518,0.4244000017642975,0.4580000042915344,0.47870001196861267,0.22280000150203705,0.11540000140666962,0.7541171908378601,0.5974886417388916,-0.7134305834770203,0.49137088656425476,-0.27027714252471924
64,0.07720000296831131,0.11940000206232071,0.15060000121593475,0.21619999408721924,0.3215999901294708,0.3598000109195709,0.3799999952316284,0.41100001335144043,0.35269999504089355,0.2198999971151352,0.43234074115753174,0.26687780022621155,-0.5218262076377869,0.2747400403022766,0.04799583554267883
65,0.038600001484155655,0.06260000169277191,0.07639999687671661,0.11990000307559967,0.19949999451637268,0.23669999837875366,0.2630000114440918,0.28040000796318054,0.24940000474452972,0.13519999384880066,0.5497937798500061,0.32094427943229675,-0.6154791116714478,0.37372681498527527,0.03857186436653137
66,0.03660000115633011,0.05979999899864197,0.07360000163316727,0.12389999628067017,0.18240000307559967,0.21320000290870667,0.21279999613761902,0.25380000472068787,0.24940000474452972,0.14069999754428864,0.48603349924087524,0.2039603888988495,-0.5612618923187256,0.2640332579612732,0.12858141958713531
67,0.04334999993443489,0.08169999718666077,0.08380000293254852,0.14284999668598175,0.2833999991416931,0.33364999294281006,0.3783999979496002,0.38359999656677246,0.22030000388622284,0.1242000013589859,0.6373863816261292,0.5057699680328369,-0.6448598504066467,0.45189449191093445,-0.16208581626415253
68,0.03920000046491623,0.0632999986410141,0.0868000015616417,0.13210000097751617,0.1996999979019165,0.22679999470710754,0.26420000195503235,0.27950000762939453,0.26829999685287476,0.15139999985694885,0.5054131150245667,0.2714148163795471,-0.6134351491928101,0.3333333432674408,0.07851175963878632
69,0.06109999865293503,0.08474999666213989,0.10660000145435333,0.10779999941587448,0.13079999387264252,0.15074999630451202,0.1873999983072281,0.17125000059604645,0.2423499971628189,0.15700000524520874,0.2748299241065979,0.0882694348692894,-0.3771817088127136,0.2696476876735687,0.16813123226165771
70,0.02800000086426735,0.0507499985396862,0.061149999499320984,0.0994499996304512,0.18930000066757202,0.219650000333786,0.2304999977350235,0.2500999867916107,0.19020000100135803,0.10254999995231628,0.5806617736816406,0.3841765522956848,-0.6391111016273499,0.3971813917160034,-0.014023728668689728
71,0.05855000019073486,0.07904999703168869,0.10040000081062317,0.11309999972581863,0.1326500028371811,0.14480000734329224,0.17229999601840973,0.1687999963760376,0.2667999863624573,0.17550000548362732,0.26365968585014343,-0.009200717322528362,-0.3709966242313385,0.20742815732955933,0.22799095511436462
72,0.0348999984562397,0.05400000140070915,0.06880000233650208,0.09510000050067902,0.1370999962091446,0.1589999943971634,0.18440000712871552,0.18610000610351562,0.23399999737739563,0.14470000565052032,0.4565560817718506,0.12063203006982803,-0.5469798445701599,0.319499135017395,0.1599310338497162
73,0.03240000084042549,0.06459999829530716,0.05719999969005585,0.13760000467300415,0.3118000030517578,0.35899999737739563,0.3864000141620636,0.42289999127388,0.2085999995470047,0.1088000014424324,0.742110013961792,0.5605815649032593,-0.7135255336761475,0.4748091697692871,-0.22348818182945251
74,0.039650000631809235,0.0551999993622303,0.05584999918937683,0.08980000019073486,0.1462000012397766,0.16760000586509705,0.2085999995470047,0.19065000116825104,0.21369999647140503,0.14079999923706055,0.577613890171051,0.19404694437980652,-0.5815011262893677,0.3981233239173889,0.04113556444644928
75,0.045099999755620956,0.06719999760389328,0.08560000360012054,0.12319999933242798,0.1941000074148178,0.21320000290870667,0.2409999966621399,0.2451000064611435,0.265500009059906,0.16110000014305115,0.4758113622665405,0.19870677590370178,-0.5639195442199707,0.32344865798950195,0.10200881212949753
76,0.04749999940395355,0.06844999641180038,0.08429999649524689,0.12555000185966492,0.19470000267028809,0.2223999947309494,0.20669999718666077,0.24050000309944153,0.225150004029274,0.14605000615119934,0.42061856389045715,0.17193476855754852,-0.5024532079696655,0.244243785738945,0.09802182763814926
77,0.04569999873638153,0.05810000002384186,0.0803999975323677,0.09709999710321426,0.10209999978542328,0.11079999804496765,0.11460000276565552,0.1315000057220459,0.2506999969482422,0.16220000386238098,0.17538464069366455,-0.1719653159379959,-0.3271569311618805,0.08266417682170868,0.34757834672927856
78,0.033799998462200165,0.061799999326467514,0.06019999831914902,0.12860000133514404,0.27950000762939453,0.31150001287460327,0.31439998745918274,0.3449999988079071,0.19910000264644623,0.1062999963760376,0.6785904765129089,0.49465176463127136,-0.6714513301849365,0.4194130599498749,-0.14633741974830627
79,0.05550000071525574,0.07360000163316727,0.09669999778270721,0.12514999508857727,0.1551000028848648,0.17755000293254852,0.18050000071525574,0.20604999363422394,0.29635000228881836,0.18174999952316284,0.3023088276386261,-0.003450652351602912,-0.4207004904747009,0.18108950555324554,0.24966219067573547
80,0.011500000022351742,0.0348999984562397,0.01744999922811985,0.08829999715089798,0.3334999978542328,0.41054999828338623,0.37400001287460327,0.43709999322891235,0.1563500016927719,0.06925000250339508,0.9108443260192871,0.6875352263450623,-0.8292981386184692,0.6179969906806946,-0.37850886583328247
81,0.021299999207258224,0.04834999889135361,0.03034999966621399,0.0986500009894371,0.2628999948501587,0.30709999799728394,0.32820001244544983,0.3362500071525574,0.1671999990940094,0.08555000275373459,0.8307070136070251,0.5864652395248413,-0.7431948184967041,0.53777676820755,-0.2777625620365143
82,0.03400000184774399,0.05790000036358833,0.06080000102519989,0.12160000205039978,0.20919999480247498,0.24140000343322754,0.26179999113082886,0.2922999858856201,0.2240999937057495,0.1264999955892563,0.6230626106262207,0.3484419286251068,-0.6377854347229004,0.36567550897598267,-0.018770447000861168
83,0.05790000036358833,0.08619999885559082,0.11225000023841858,0.16895000636577606,0.2350499927997589,0.270550012588501,0.29910001158714294,0.3181000053882599,0.2479500025510788,0.14399999380111694,0.45423606038093567,0.35003387928009033,-0.5525564551353455,0.27806857228279114,0.004461782984435558
84,0.039900001138448715,0.06260000169277191,0.07259999960660934,0.11749999970197678,0.17219999432563782,0.20170000195503235,0.23999999463558197,0.23980000615119934,0.25200000405311584,0.1501999944448471,0.5355086326599121,0.2301383912563324,-0.5862524509429932,0.34265732765197754,0.07394542545080185
85,0.036400001496076584,0.04919999837875366,0.06930000334978104,0.07989999651908875,0.08820000290870667,0.09390000253915787,0.10499999672174454,0.11190000176429749,0.22609999775886536,0.14399999380111694,0.2048192322254181,-0.15662650763988495,-0.3618676960468292,0.13574905693531036,0.35256409645080566
86,0.027799999341368675,0.04899999871850014,0.03945000097155571,0.07050000131130219,0.2021999955177307,0.23430000245571136,0.2721000015735626,0.2635500133037567,0.15805000066757202,0.08735000342130661,0.7467501163482666,0.5139796733856201,-0.6947991251945496,0.5884413123130798,-0.20587052404880524
87,0.05784999951720238,0.10459999740123749,0.11110000312328339,0.1987999975681305,0.32739999890327454,0.37174999713897705,0.3930000066757202,0.421999990940094,0.30535000562667847,0.17624999582767487,0.5592144131660461,0.3807641863822937,-0.5795820355415344,0.3281514048576355,-0.039663318544626236
88,0.03359999880194664,0.04964999854564667,0.05270000174641609,0.0799499973654747,0.11344999819993973,0.13230000436306,0.13369999825954437,0.15379999577999115,0.2159000039100647,0.14110000431537628,0.43454933166503906,-0.026928696781396866,-0.45841288566589355,0.2515797019004822,0.23239277303218842
89,0.06759999692440033,0.1031000018119812,0.12359999865293503,0.19345000386238098,0.2989000082015991,0.3471499979496002,0.3716000020503998,0.40389999747276306,0.2809000015258789,0.16060000658035278,0.5008077621459961,0.3964674770832062,-0.5656203627586365,0.31528183817863464,-0.04112836346030235
90,0.030950000509619713,0.04675000160932541,0.04190000146627426,0.08940000087022781,0.2093999981880188,0.24525000154972076,0.23360000550746918,0.27140000462532043,0.19329999387264252,0.11599999666213989,0.6958257555961609,0.33638447523117065,-0.6664882898330688,0.44643962383270264,-0.0587293840944767
91,0.06265000253915787,0.10729999840259552,0.12070000171661377,0.19179999828338623,0.3571999967098236,0.4088999927043915,0.45320001244544983,0.46709999442100525,0.33695000410079956,0.1839500069618225,0.5793692469596863,0.4225849509239197,-0.6171275973320007,0.4052713215351105,-0.05978429317474365
92,0.022600000724196434,0.04490000009536743,0.05559999868273735,0.09629999846220016,0.17970000207424164,0.20469999313354492,0.22699999809265137,0.24169999361038208,0.20419999957084656,0.1151999980211258,0.6065109968185425,0.3267095386981964,-0.6697314977645874,0.4042684733867645,0.020023556426167488
93,0.0364999994635582,0.06279999762773514,0.07490000128746033,0.12409999966621399,0.21469999849796295,0.2533000111579895,0.2750000059604645,0.30300000309944153,0.23229999840259552,0.1264999955892563,0.571877658367157,0.36986303329467773,-0.6281823515892029,0.378100723028183,-0.0069500659592449665
94,0.05079999938607216,0.06700000166893005,0.08839999884366989,0.10565000027418137,0.12434999644756317,0.13795000314712524,0.14740000665187836,0.16314999759197235,0.27239999175071716,0.16965000331401825,0.25021207332611084,-0.07017819583415985,-0.375,0.16498717665672302,0.2908765375614166
95,0.047200001776218414,0.0851999968290329,0.08389999717473984,0.18970000743865967,0.35659998655319214,0.4074999988079071,0.41600000858306885,0.4456000030040741,0.27880001068115234,0.16439999639987946,0.6643328666687012,0.4334941506385803,-0.6600160002708435,0.3736172914505005,-0.1216854378581047
96,0.0203000009059906,0.033799998462200165,0.029400000348687172,0.05790000036358833,0.15809999406337738,0.1910499930381775,0.18930000066757202,0.2065500020980835,0.13734999299049377,0.08380000293254852,0.7311385273933411,0.3863053619861603,-0.6969968676567078,0.5315533876419067,-0.11385680735111237
97,0.03970000147819519,0.05245000123977661,0.06639999896287918,0.07975000143051147,0.0840499997138977,0.09279999881982803,0.09809999912977219,0.11219999939203262,0.21594999730587006,0.1509999930858612,0.1927051693201065,-0.21236449480056763,-0.3032214939594269,0.10317682474851608,0.3440437912940979
98,0.055399999022483826,0.10159999877214432,0.10019999742507935,0.19820000231266022,0.36169999837875366,0.41370001435279846,0.42320001125335693,0.46790000796318054,0.2750999927520752,0.15610000491142273,0.6171188354492188,0.46107369661331177,-0.6128048896789551,0.36208561062812805,-0.12097437679767609
99,0.03539999946951866,0.061500001698732376,0.06019999831914902,0.14920000731945038,0.2517000138759613,0.29510000348091125,0.3199999928474426,0.3481000065803528,0.2273000031709671,0.12099999934434891,0.6833245754241943,0.4512471556663513,-0.6775884628295898,0.3640238344669342,-0.10561516880989075
100,0.025499999523162842,0.045499999076128006,0.03750000149011612,0.07020000368356705,0.25609999895095825,0.3181000053882599,0.3319999873638153,0.3463999927043915,0.1257999986410141,0.06440000236034393,0.7970229983329773,0.6750756502151489,-0.7589403986930847,0.6509199142456055,-0.37288784980773926
101,0.007400000002235174,0.020800000056624413,0.02019999921321869,0.05209999904036522,0.131400004029274,0.1623000055551529,0.17339999973773956,0.1915999948978424,0.11810000240802765,0.06480000168085098,0.7913223505020142,0.45591938495635986,-0.78578782081604,0.5379157662391663,-0.13318708539009094
102,0.03759999945759773,0.06440000236034393,0.07580000162124634,0.12610000371932983,0.2526000142097473,0.3019999861717224,0.3050000071525574,0.3434000015258789,0.20669999718666077,0.11169999837875366,0.6018907427787781,0.4638828933238983,-0.6513264775276184,0.41498491168022156,-0.09614463150501251
103,0.02160000056028366,0.04050000011920929,0.03784999996423721,0.0758500024676323,0.1561499983072281,0.18389999866485596,0.20329999923706055,0.2065500020980835,0.15309999883174896,0.08730000257492065,0.6860874891281128,0.3991740942001343,-0.66776043176651,0.4565645456314087,-0.08164002001285553
104,0.04774999991059303,0.06984999775886536,0.08224999904632568,0.11829999834299088,0.22200000286102295,0.26875001192092896,0.28769999742507935,0.3080500066280365,0.20640000700950623,0.12325000017881393,0.5553452968597412,0.40017032623291016,-0.6092854142189026,0.4172413945198059,-0.0749879702925682
105,0.020600000396370888,0.03799999877810478,0.03150000050663948,0.09030000120401382,0.23559999465942383,0.295199990272522,0.28279998898506165,0.32010000944137573,0.14720000326633453,0.08269999921321869,0.7995545268058777,0.5474691987037659,-0.7630922794342041,0.5159474611282349,-0.2586599886417389
106,0.006300000008195639,0.01940000057220459,0.01489999983459711,0.03959999978542328,0.13369999825954437,0.16210000216960907,0.18379999697208405,0.18529999256134033,0.09989999979734421,0.04820000007748604,0.8500251770019531,0.584482729434967,-0.8090550899505615,0.6454789638519287,-0.24696621298789978
107,0.017400000244379044,0.038750000298023224,0.022299999371170998,0.08164999634027481,0.2468000054359436,0.3052000105381012,0.3091000020503998,0.3393999934196472,0.1307000070810318,0.061500001698732376,0.8654194474220276,0.6681057810783386,-0.777202844619751,0.5820857286453247,-0.361835241317749
108,0.03424999862909317,0.05559999868273735,0.05739999935030937,0.10760000348091125,0.2175000011920929,0.26669999957084656,0.30250000953674316,0.31154999136924744,0.19679999351501465,0.10554999858140945,0.6810225248336792,0.4826614558696747,-0.6894722580909729,0.4752499461174011,-0.1396903544664383
109,0.02810000069439411,0.05609999969601631,0.0568000003695488,0.10909999907016754,0.21979999542236328,0.26989999413490295,0.30079999566078186,0.3167000114917755,0.20890000462532043,0.11410000175237656,0.68232661485672,0.4499879479408264,-0.685626208782196,0.46767503023147583,-0.10628993064165115
110,0.02410000003874302,0.03164999932050705,0.029249999672174454,0.052949998527765274,0.1423500031232834,0.1691499948501587,0.20080000162124634,0.1981000006198883,0.12484999746084213,0.07005000114440918,0.7457074522972107,0.48273950815200806,-0.7276833653450012,0.5826601386070251,-0.18680739402770996
111,0.032099999487400055,0.058800000697374344,0.04969999939203262,0.10980000346899033,0.295199990272522,0.35280001163482666,0.3783999979496002,0.3968999981880188,0.16500000655651093,0.08420000225305557,0.7678112387657166,0.6359705924987793,-0.7310155630111694,0.5501843094825745,-0.31317976117134094
112,0.01979999989271164,0.03660000115633011,0.03959999978542328,0.06750000268220901,0.18410000205039978,0.23499999940395355,0.23759999871253967,0.25679999589920044,0.14090000092983246,0.08079999685287476,0.7142857313156128,0.4924623370170593,-0.7330415844917297,0.5575221180915833,-0.17561087012290955
113,0.045099999755620956,0.060600001364946365,0.0807500034570694,0.089649997651577,0.13979999721050262,0.16965000331401825,0.20080000162124634,0.1985500007867813,0.17694999277591705,0.1067499965429306,0.4263896048069,0.30580395460128784,-0.5363427400588989,0.38268205523490906,0.023431284353137016
114,0.010300000198185444,0.032499998807907104,0.012299999594688416,0.06620000302791595,0.28299999237060547,0.35659998655319214,0.3328000009059906,0.37540000677108765,0.08950000256299973,0.03539999946951866,0.9287163019180298,0.8077132105827332,-0.8220640420913696,0.6681703925132751,-0.5423690676689148
115,0.06724999845027924,0.09144999831914902,0.1140500009059906,0.15655000507831573,0.24070000648498535,0.2771500051021576,0.3052000105381012,0.31839999556541443,0.2350499927997589,0.1456499993801117,0.45593321323394775,0.3538871109485626,-0.5388882160186768,0.3219274580478668,-0.03236091136932373
116,0.027400000020861626,0.05009999871253967,0.046799998730421066,0.09480000287294388,0.18725000321865082,0.210999995470047,0.21870000660419464,0.23770000040531158,0.16949999332427979,0.1023000031709671,0.6474576592445374,0.36261680722236633,-0.6272321343421936,0.39521530270576477,-0.06444639712572098
117,0.027950000017881393,0.04039999842643738,0.042750000953674316,0.08844999969005585,0.1793999969959259,0.22100000083446503,0.2379000037908554,0.2546499967575073,0.1764499992132187,0.10145000368356705,0.6953500509262085,0.40209221839904785,-0.709665834903717,0.45794394612312317,-0.0961756557226181
118,0.00839999970048666,0.019349999725818634,0.01744999922811985,0.031449999660253525,0.09950000047683716,0.12835000455379486,0.15489999949932098,0.14229999482631683,0.07805000245571136,0.03920000046491623,0.7975050806999207,0.596084475517273,-0.777905285358429,0.6624631285667419,-0.2619783580303192
119,0.02329999953508377,0.0421999990940094,0.03550000116229057,0.08980000019073486,0.2549000084400177,0.31450000405311584,0.32440000772476196,0.3481000065803528,0.1509999930858612,0.08609999716281891,0.8027229905128479,0.5805115699768066,-0.7697763442993164,0.5663930773735046,-0.30175966024398804
120,0.03180000185966492,0.05460000038146973,0.06040000170469284,0.121799997985363,0.2485000044107437,0.2992999851703644,0.31520000100135803,0.3377000093460083,0.1996999979019165,0.11860000342130661,0.6783812642097473,0.4532042443752289,-0.7047052383422852,0.44256293773651123,-0.1431395262479782
121,0.026000000536441803,0.042399998754262924,0.03669999912381172,0.08619999885559082,0.21860000491142273,0.257999986410141,0.266400009393692,0.30410000681877136,0.15219999849796295,0.08309999853372574,0.7578356862068176,0.5244635343551636,-0.7253886461257935,0.5110607147216797,-0.2150426208972931
122,0.03355000168085098,0.05119999870657921,0.049800001084804535,0.09149999916553497,0.2053000032901764,0.24975000321865082,0.25459998846054077,0.28314998745918274,0.17104999721050262,0.09634999930858612,0.6727989315986633,0.45091891288757324,-0.6651406288146973,0.47125107049942017,-0.13222002983093262
123,0.02590000070631504,0.052549999207258224,0.03880000114440918,0.0885000005364418,0.2687999904155731,0.320499986410141,0.3707999885082245,0.36149999499320984,0.1578499972820282,0.0820000022649765,0.810546875,0.637809157371521,-0.7517420649528503,0.614630937576294,-0.33715343475341797
124,0.06260000169277191,0.09459999948740005,0.1111999973654747,0.1251000016927719,0.24070000648498535,0.28189998865127563,0.3009999990463257,0.31929999589920044,0.18809999525547028,0.12240000069141388,0.46045610308647156,0.42182332277297974,-0.52173912525177,0.41281387209892273,-0.09699805080890656
125,0.012450000271201134,0.024399999529123306,0.021150000393390656,0.05609999969601631,0.15160000324249268,0.18754999339580536,0.18639999628067017,0.2110999971628189,0.11509999632835388,0.066600002348423,0.7961936593055725,0.4735177755355835,-0.7685009241104126,0.5373196005821228,-0.18680991232395172
126,0.043299999088048935,0.066600002348423,0.06859999895095825,0.10980000346899033,0.21160000562667847,0.25609999895095825,0.2996000051498413,0.2770000100135803,0.18780000507831573,0.11580000072717667,0.6273764371871948,0.4424650967121124,-0.6362643241882324,0.46360528469085693,-0.1443350613117218
127,0.04610000178217888,0.07045000046491623,0.07594999670982361,0.12349999696016312,0.23794999718666077,0.29179999232292175,0.3407999873161316,0.32785001397132874,0.18565000593662262,0.10300000011920929,0.6355128884315491,0.5358269214630127,-0.6573860049247742,0.4680163562297821,-0.19321508705615997
128,0.015350000001490116,0.03680000081658363,0.019950000569224358,0.06485000252723694,0.2353000044822693,0.29120001196861267,0.2946000099182129,0.321150004863739,0.11959999799728394,0.05480000004172325,0.8731521368026733,0.6863194108009338,-0.777911901473999,0.6391709446907043,-0.379087895154953
129,0.03460000082850456,0.03669999912381172,0.0364999994635582,0.0406000018119812,0.12700000405311584,0.13650000095367432,0.1834000051021576,0.15449999272823334,0.11069999635219574,0.055399999022483826,0.6680309176445007,0.5360134243965149,-0.6665152311325073,0.637499988079071,-0.19386640191078186
130,0.015850000083446503,0.035349998623132706,0.04650000110268593,0.09525000303983688,0.21674999594688416,0.2755500078201294,0.2822999954223633,0.3215999901294708,0.15494999289512634,0.07779999822378159,0.7171532511711121,0.5678977966308594,-0.7774279713630676,0.4954310357570648,-0.1935548484325409
131,0.01355000026524067,0.03310000151395798,0.03269999846816063,0.07545000314712524,0.2287999987602234,0.28859999775886536,0.3118000030517578,0.3249000012874603,0.1290999948978424,0.0628499984741211,0.8101596832275391,0.6644868850708008,-0.8080602884292603,0.6103292107582092,-0.3357282280921936
132,0.04774999991059303,0.06984999775886536,0.08224999904632568,0.11829999834299088,0.22200000286102295,0.26875001192092896,0.28769999742507935,0.3080500066280365,0.20640000700950623,0.12325000017881393,0.5553452968597412,0.40017032623291016,-0.6092854142189026,0.4172413945198059,-0.0749879702925682
133,0.03020000085234642,0.061400000005960464,0.05139999836683273,0.11270000040531158,0.2797999978065491,0.33739998936653137,0.3564000129699707,0.37720000743865967,0.17339999973773956,0.09179999679327011,0.7479156851768494,0.590361475944519,-0.7060794830322266,0.5195054411888123,-0.2646385431289673
134,0.019950000569224358,0.0328500010073185,0.030649999156594276,0.06939999759197235,0.13339999318122864,0.16064999997615814,0.15160000324249268,0.1782499998807907,0.13975000381469727,0.08349999785423279,0.6636488437652588,0.28966400027275085,-0.6438059210777283,0.37194573879241943,-0.003363067051395774
135,0.04235000163316727,0.05719999969005585,0.07400000095367432,0.12014999985694885,0.21975000202655792,0.26080000400543213,0.2896000146865845,0.3068999946117401,0.21044999361038208,0.11710000038146973,0.5929592847824097,0.42414557933807373,-0.6701269149780273,0.4135448634624481,-0.07706038653850555
136,0.03680000081658363,0.05620000138878822,0.05079999938607216,0.08789999783039093,0.2402999997138977,0.28450000286102295,0.31520000100135803,0.3181000053882599,0.1444000005722046,0.08229999989271164,0.7224043607711792,0.5859119296073914,-0.6973613500595093,0.5638799667358398,-0.28654971718788147
137,0.019099999219179153,0.02979999966919422,0.03400000184774399,0.07240000367164612,0.14259999990463257,0.1720999926328659,0.1979999989271164,0.19679999351501465,0.15760000050067902,0.10000000149011612,0.7068965435028076,0.3288590610027313,-0.738366961479187,0.46449702978134155,-0.0623929426074028
138,0.032099999487400055,0.052799999713897705,0.052149999886751175,0.10655000060796738,0.2188500016927719,0.26794999837875366,0.29030001163482666,0.3127500116825104,0.19165000319480896,0.10109999775886536,0.6954299807548523,0.48339298367500305,-0.692218005657196,0.46302130818367004,-0.13882021605968475
139,0.03164999932050705,0.05795000120997429,0.06764999777078629,0.11005000025033951,0.19134999811649323,0.22474999725818634,0.26030001044273376,0.2630000114440918,0.21985000371932983,0.1347000002861023,0.5874371528625488,0.31797468662261963,-0.6358209252357483,0.4056973159313202,-0.007679710164666176
140,0.03590000048279762,0.06499999761581421,0.06639999896287918,0.1177000030875206,0.22360000014305115,0.26660001277923584,0.3050000071525574,0.3190000057220459,0.20909999310970306,0.12060000002384186,0.6424340605735779,0.4332706928253174,-0.6486486792564392,0.4431038498878479,-0.10609996318817139
141,0.049300000071525574,0.07625000178813934,0.08950000256299973,0.12970000505447388,0.22550000250339508,0.2614000141620636,0.29350000619888306,0.2989499866962433,0.19370000064373016,0.11219999939203262,0.5326370596885681,0.4468819499015808,-0.587559163570404,0.3870510458946228,-0.09520766884088516
142,0.021649999544024467,0.03830000013113022,0.03680000081658363,0.06360000371932983,0.16359999775886536,0.1976500004529953,0.225600004196167,0.22564999759197235,0.1256999969482422,0.07109999656677246,0.7195121645927429,0.5207280516624451,-0.709738552570343,0.5601659417152405,-0.20683345198631287
143,0.02410000003874302,0.047200001776218414,0.04659999907016754,0.09759999811649323,0.20909999310970306,0.25270000100135803,0.2833999991416931,0.2937000095844269,0.17329999804496765,0.09629999846220016,0.7175757884979248,0.4927574396133423,-0.7144585251808167,0.48766404390335083,-0.16609784960746765
144,0.010099999606609344,0.024299999698996544,0.019600000232458115,0.06129999831318855,0.14910000562667847,0.18940000236034393,0.18240000307559967,0.20180000364780426,0.13449999690055847,0.0714000016450882,0.805940568447113,0.4373522400856018,-0.764876663684845,0.49692246317863464,-0.11079055070877075
145,0.015300000086426735,0.03294999897480011,0.03334999829530716,0.05700000002980232,0.15119999647140503,0.19014999270439148,0.23180000483989716,0.21154999732971191,0.12514999508857727,0.06719999760389328,0.7484443187713623,0.5505017042160034,-0.7510859370231628,0.6052631735801697,-0.21844184398651123
146,0.08434999734163284,0.094200000166893,0.10429999977350235,0.12105000019073486,0.2041500061750412,0.2409999966621399,0.21250000596046448,0.27160000801086426,0.23119999468326569,0.15494999289512634,0.3415404260158539,0.15661998093128204,-0.3857189416885376,0.2741717994213104,0.061121199280023575
147,0.04230000078678131,0.06599999964237213,0.07419999688863754,0.10440000146627426,0.23729999363422394,0.2904999852180481,0.3107999861240387,0.33820000290870667,0.18610000610351562,0.10419999808073044,0.614545464515686,0.4978313148021698,-0.6496815085411072,0.4971098005771637,-0.15128788352012634
148,0.022099999710917473,0.04179999977350235,0.049400001764297485,0.08320000022649765,0.19030000269412994,0.226500004529953,0.251800000667572,0.24869999289512634,0.1696999967098236,0.09210000187158585,0.671978771686554,0.4643791615962982,-0.7152588367462158,0.5032835602760315,-0.11115618795156479
149,0.05779999867081642,0.09000000357627869,0.11060000211000443,0.17270000278949738,0.24070000648498535,0.2703999876976013,0.3086000084877014,0.32739999890327454,0.2939999997615814,0.17810000479221344,0.472328245639801,0.2681323289871216,-0.5484194755554199,0.2823602855205536,0.04954603686928749
150,0.03739999979734421,0.06430000066757202,0.0689999982714653,0.12189999967813492,0.22705000638961792,0.2672500014305115,0.30379998683929443,0.310699999332428,0.24165000021457672,0.13654999434947968,0.6298283338546753,0.37981152534484863,-0.6506384015083313,0.4272961914539337,-0.04686659201979637
151,0.051750000566244125,0.0694499984383583,0.07119999825954437,0.1051499992609024,0.1761000007390976,0.20720000565052032,0.23880000412464142,0.24255000054836273,0.16664999723434448,0.09880000352859497,0.540645182132721,0.4146919250488281,-0.5493917465209961,0.38857394456863403,-0.0997350662946701
152,0.02800000086426735,0.05615000054240227,0.042649999260902405,0.12099999934434891,0.3183000087738037,0.39739999175071716,0.4284000098705292,0.4547500014305115,0.18320000171661377,0.09009999781847,0.8189151883125305,0.6524590253829956,-0.7682386040687561,0.5595194697380066,-0.3379260003566742
153,0.013749999925494194,0.03384999930858612,0.020600000396370888,0.08205000311136246,0.2724500000476837,0.3389500081539154,0.31700000166893005,0.3715499937534332,0.1412000060081482,0.06994999945163727,0.8779621124267578,0.6384545564651489,-0.8070400357246399,0.5887733101844788,-0.3430108428001404
154,0.03139999881386757,0.06679999828338623,0.05790000036358833,0.14010000228881836,0.2833999991416931,0.3368000090122223,0.3707999885082245,0.3882000148296356,0.20090000331401825,0.0989999994635582,0.7298810482025146,0.5785440802574158,-0.6946983337402344,0.4515560567378998,-0.21694400906562805
155,0.04650000110268593,0.08470000326633453,0.08055000007152557,0.16854999959468842,0.3495999872684479,0.41324999928474426,0.4375999867916107,0.477400004863739,0.2533999979496002,0.13535000383853912,0.6890861392021179,0.5275329351425171,-0.6756653189659119,0.443867027759552,-0.18354623019695282
156,0.03359999880194664,0.05180000141263008,0.05860000103712082,0.11339999735355377,0.21979999542236328,0.260699987411499,0.2930000126361847,0.3199999928474426,0.1728000044822693,0.08649999648332596,0.6666666865348816,0.5441370606422424,-0.6995359659194946,0.4419291615486145,-0.17060932517051697
157,0.021700000390410423,0.06199999898672104,0.03099999949336052,0.12380000203847885,0.4172999858856201,0.5013999938964844,0.5551999807357788,0.5425999760627747,0.18649999797344208,0.07909999787807465,0.8942340612411499,0.7505912184715271,-0.7990926504135132,0.6353460550308228,-0.45241689682006836
158,0.01590000092983246,0.05180000141263008,0.026599999517202377,0.10989999771118164,0.34709998965263367,0.43959999084472656,0.4968000054359436,0.4733000099658966,0.19370000064373016,0.09740000218153,0.8983569145202637,0.672164261341095,-0.8111556768417358,0.6377122402191162,-0.3989085853099823
159,0.0406000018119812,0.06129999831318855,0.0706000030040741,0.1039000004529953,0.17870000004768372,0.20550000667572021,0.22259999811649323,0.2475000023841858,0.23399999737739563,0.1388999968767166,0.5184174180030823,0.23153527081012726,-0.5681577920913696,0.36355283856391907,0.07291299849748611
160,0.025499999523162842,0.0507499985396862,0.034699998795986176,0.09144999831914902,0.26409998536109924,0.33169999718666077,0.35499998927116394,0.36880001425743103,0.16204999387264252,0.07999999821186066,0.8219143152236938,0.6321839094161987,-0.7498459815979004,0.5903236865997314,-0.3183196187019348
161,0.0694499984383583,0.10000000149011612,0.11225000023841858,0.18240000307559967,0.3156999945640564,0.36924999952316284,0.38960000872612,0.43230000138282776,0.24695000052452087,0.13510000705718994,0.5526551604270935,0.4850390553474426,-0.5915032625198364,0.36223775148391724,-0.12202872335910797
162,0.04154999926686287,0.06889999657869339,0.06310000270605087,0.10975000262260437,0.23180000483989716,0.2707499861717224,0.2700999975204468,0.3018999993801117,0.21729999780654907,0.1266999989748001,0.6212484836578369,0.3613911271095276,-0.5935103297233582,0.42214030027389526,-0.05278269946575165
163,0.031099999323487282,0.05920000001788139,0.05640000104904175,0.11990000307559967,0.30480000376701355,0.3774000108242035,0.373199999332428,0.42910000681877136,0.18619999289512634,0.09709999710321426,0.7374301552772522,0.5870720744132996,-0.7261794805526733,0.5136889219284058,-0.24996136128902435
164,0.04699999839067459,0.0737999975681305,0.08640000224113464,0.1445000022649765,0.23954999446868896,0.27619999647140503,0.3000999987125397,0.3250499963760376,0.20160000026226044,0.1067499965429306,0.5529107451438904,0.47523659467697144,-0.6052420735359192,0.3499774932861328,-0.09305620193481445
165,0.032600000500679016,0.05979999899864197,0.05979999899864197,0.1316000074148178,0.26339998841285706,0.3165000081062317,0.3407999873161316,0.37720000743865967,0.20149999856948853,0.10109999775886536,0.7014478445053101,0.5424304008483887,-0.7014478445053101,0.44284501671791077,-0.17661885917186737
166,0.03400000184774399,0.07029999792575836,0.05609999969601631,0.1429000049829483,0.2775000035762787,0.3237999975681305,0.3675999939441681,0.37689998745918274,0.20190000534057617,0.10450000315904617,0.7351899743080139,0.5572971701622009,-0.6789221167564392,0.4401566982269287,-0.21770769357681274
167,0.037300001829862595,0.06809999793767929,0.06319999694824219,0.1485999971628189,0.2572999894618988,0.3001999855041504,0.3391999900341034,0.35830000042915344,0.20270000398159027,0.10339999943971634,0.6858847141265869,0.5327609777450562,-0.6656027436256409,0.39073389768600464,-0.1721668690443039
168,0.03420000150799751,0.07779999822378159,0.0658000037074089,0.1665000021457672,0.32679998874664307,0.36730000376701355,0.3880000114440918,0.42179998755455017,0.24160000681877136,0.12860000133514404,0.7100043892860413,0.502129316329956,-0.6659510731697083,0.39945897459983826,-0.15734648704528809
169,0.07694999873638153,0.10520000010728836,0.14959999918937683,0.1886499971151352,0.22939999401569366,0.259550005197525,0.3125,0.3088499903678894,0.34005001187324524,0.21365000307559967,0.3525210916996002,0.18787416815757751,-0.4962891936302185,0.2471316009759903,0.11398021876811981
170,0.04769999906420708,0.09070000052452087,0.0856499969959259,0.17865000665187836,0.3559499979019165,0.41670000553131104,0.4472000002861023,0.47874999046325684,0.2809999883174896,0.15189999341964722,0.6785211563110352,0.49290603399276733,-0.6627625823020935,0.42909640073776245,-0.1488596349954605
171,0.04500000178813934,0.08744999766349792,0.0885000005364418,0.16740000247955322,0.311599999666214,0.3743000030517578,0.42160001397132874,0.4337500035762787,0.25975000858306885,0.14399999380111694,0.6530092358589172,0.4908062517642975,-0.6564188599586487,0.43157896399497986,-0.14524145424365997
172,0.04619999974966049,0.08160000294446945,0.08739999681711197,0.16019999980926514,0.2705000042915344,0.3172999918460846,0.3479999899864197,0.384799987077713,0.24860000610351562,0.13910000026226044,0.598530113697052,0.4288646876811981,-0.6201117038726807,0.3695395290851593,-0.0797041729092598
173,0.03440000116825104,0.061000000685453415,0.05739999935030937,0.1257999986410141,0.25690001249313354,0.30559998750686646,0.3375999927520752,0.3668999969959259,0.18880000710487366,0.09759999811649323,0.7093670964241028,0.5514705777168274,-0.6939287185668945,0.45705652236938477,-0.20349399745464325
174,0.03655000030994415,0.07620000094175339,0.05719999969005585,0.14319999516010284,0.38190001249313354,0.45829999446868896,0.46720001101493835,0.5011000037193298,0.226500004529953,0.11734999716281891,0.7818459272384644,0.5984945893287659,-0.7195436358451843,0.5307995080947876,-0.2794463038444519
175,0.04089999943971634,0.07500000298023224,0.06449999660253525,0.1573999971151352,0.36970001459121704,0.41999998688697815,0.46480000019073486,0.484499990940094,0.23669999837875366,0.12110000103712082,0.7562819123268127,0.5866189002990723,-0.7221192717552185,0.49405336380004883,-0.2534390985965729
176,0.011900000274181366,0.04430000111460686,0.01979999989271164,0.10130000114440918,0.3762499988079071,0.47099998593330383,0.4747999906539917,0.5069500207901001,0.1835000067949295,0.08164999634027481,0.9199352860450745,0.7065324783325195,-0.829319953918457,0.6483249068260193,-0.41072461009025574
177,0.026249999180436134,0.06769999861717224,0.0377499982714653,0.11694999784231186,0.35464999079704285,0.4327000081539154,0.5293999910354614,0.47769999504089355,0.20035000145435333,0.09790000319480896,0.8668782711029053,0.6878686547279358,-0.7732372879981995,0.6381217837333679,-0.4000629782676697
178,0.025100000202655792,0.07599999755620956,0.02879999950528145,0.1379999965429306,0.4625000059604645,0.5616000294685364,0.578000009059906,0.5917999744415283,0.18240000307559967,0.07649999856948853,0.9050757884979248,0.7662338018417358,-0.7675840854644775,0.6145251393318176,-0.48127225041389465
179,0.019999999552965164,0.04255000129342079,0.03020000085234642,0.09144999831914902,0.26409998536109924,0.33169999718666077,0.32670000195503235,0.36880001425743103,0.16204999387264252,0.07999999821186066,0.830764889717102,0.6065896153450012,-0.7695328593254089,0.5625971555709839,-0.2865757644176483
180,0.031300000846385956,0.05590000003576279,0.03799999877810478,0.10899999737739563,0.3023500144481659,0.36774998903274536,0.4065999984741211,0.4052000045776367,0.19269999861717224,0.1050499975681305,0.8290598392486572,0.5893677473068237,-0.758270263671875,0.5771916508674622,-0.30990129709243774
181,0.01484999991953373,0.03709999844431877,0.0251499991863966,0.07684999704360962,0.21299999952316284,0.260699987411499,0.2937000095844269,0.2933500111103058,0.16134999692440033,0.08094999939203262,0.8422455787658691,0.5678633451461792,-0.7756953239440918,0.5852112174034119,-0.24654078483581543
182,0.03280000016093254,0.06700000166893005,0.05860000103712082,0.13840000331401825,0.287200003862381,0.3375999927520752,0.3675999939441681,0.39259999990463257,0.21070000529289246,0.1080000028014183,0.7250117063522339,0.5458368062973022,-0.6916704773902893,0.4529644250869751,-0.19575928151607513
183,0.021649999544024467,0.04645000025629997,0.03440000116825104,0.10530000180006027,0.27364999055862427,0.3246000111103058,0.33980000019073486,0.36660000681877136,0.1805499941110611,0.09030000120401382,0.8161410689353943,0.5800976753234863,-0.759482204914093,0.5268478989601135,-0.2541637718677521
184,0.03269999846816063,0.066600002348423,0.05979999899864197,0.15029999613761902,0.28600001335144043,0.33799999952316284,0.3659999966621399,0.3978999853134155,0.2092999964952469,0.10559999942779541,0.7191169857978821,0.5521628260612488,-0.6920943260192871,0.4177803695201874,-0.19407008588314056
185,0.021700000390410423,0.05860000103712082,0.030799999833106995,0.12415000051259995,0.45285001397132874,0.5404499769210815,0.5198000073432922,0.5927000045776367,0.21330000460147858,0.09740000218153,0.888122022151947,0.6843810677528381,-0.797372043132782,0.6144110560417175,-0.37856414914131165
186,0.04520000144839287,0.08240000158548355,0.08489999920129776,0.16349999606609344,0.3093999922275543,0.37209999561309814,0.39959999918937683,0.4221999943256378,0.2493000030517578,0.13609999418258667,0.649535596370697,0.49187979102134705,-0.6580913066864014,0.4192861020565033,-0.14197689294815063
187,0.06379999965429306,0.10100000351667404,0.11919999867677689,0.18764999508857727,0.30915001034736633,0.35795000195503235,0.4058000147342682,0.4108999967575073,0.2543500065803528,0.13955000042915344,0.5459047555923462,0.4882185757160187,-0.6014207005500793,0.367596298456192,-0.11391805112361908
188,0.03269999846816063,0.05050000175833702,0.05739999935030937,0.0966000035405159,0.1851000040769577,0.20960000157356262,0.21819999814033508,0.24300000071525574,0.22450000047683716,0.13689999282360077,0.5834543108940125,0.22894960641860962,-0.6241161227226257,0.3862769901752472,0.05818318948149681
189,0.019099999219179153,0.05050000175833702,0.03245000168681145,0.10954999923706055,0.3614000082015991,0.45115000009536743,0.41179999709129333,0.48500001430511475,0.16474999487400055,0.07519999891519547,0.8539111018180847,0.6911704540252686,-0.7815271615982056,0.5797448754310608,-0.37207451462745667
190,0.02290000021457672,0.0466499999165535,0.03595000132918358,0.09929999709129333,0.22824999690055847,0.2757500112056732,0.33399999141693115,0.31540000438690186,0.2057500034570694,0.11140000075101852,0.8056493997573853,0.4997754693031311,-0.7548929452896118,0.541657030582428,-0.19244903326034546
191,0.025949999690055847,0.05445000156760216,0.04064999893307686,0.11585000157356262,0.3086000084877014,0.3831000030040741,0.4146000146865845,0.43140000104904175,0.18400000035762787,0.0913499966263771,0.8214167952537537,0.6388971209526062,-0.7678285837173462,0.5632010698318481,-0.3245640695095062
192,0.019600000232458115,0.04540000110864639,0.03009999915957451,0.09674999862909317,0.2909500002861023,0.3578000068664551,0.32820001244544983,0.4018999934196472,0.16019999980926514,0.07254999876022339,0.8319844007492065,0.6379289031028748,-0.7569593191146851,0.5446523427963257,-0.2926965355873108
193,0.03180000185966492,0.06040000170469284,0.05689999833703041,0.1298000067472458,0.26980000734329224,0.3255999982357025,0.35519999265670776,0.38929998874664307,0.2029000073671341,0.10199999809265137,0.7238534092903137,0.5538057684898376,-0.7093358635902405,0.4647422432899475,-0.19666045904159546
194,0.018799999728798866,0.04554999992251396,0.02459999918937683,0.09229999780654907,0.3127500116825104,0.39469999074935913,0.40400001406669617,0.42480000853538513,0.15360000729560852,0.06790000200271606,0.8852076530456543,0.7122271656990051,-0.7973529100418091,0.6280475854873657,-0.40698835253715515
195,0.049150001257658005,0.08169999718666077,0.09200000017881393,0.17475000023841858,0.3021000027656555,0.34584999084472656,0.35740000009536743,0.4030500054359436,0.26809999346733093,0.1457500010728836,0.5905652046203613,0.420649915933609,-0.6278752088546753,0.343230277299881,-0.0605882853269577
196,0.037050001323223114,0.07000000029802322,0.07445000112056732,0.11980000138282776,0.24230000376701355,0.2892000079154968,0.32109999656677246,0.337799996137619,0.23135000467300415,0.12630000710487366,0.6235620975494385,0.43540453910827637,-0.6420353055000305,0.45656609535217285,-0.0788462832570076
197,0.02085000090301037,0.04399999976158142,0.03584999963641167,0.09619999676942825,0.21125000715255737,0.2513499855995178,0.28450000286102295,0.28345000743865967,0.20399999618530273,0.10989999771118164,0.7761822938919067,0.44269779324531555,-0.7321156859397888,0.49461519718170166,-0.12013941258192062
198,0.056299999356269836,0.08730000257492065,0.10535000264644623,0.16290000081062317,0.26664999127388,0.31119999289512634,0.3515999913215637,0.36899998784065247,0.24009999632835388,0.13369999825954437,0.5388991832733154,0.44900062680244446,-0.6021872758865356,0.3667638301849365,-0.082896389067173
199,0.08789999783039093,0.11150000244379044,0.12160000205039978,0.15504999458789825,0.2581000030040741,0.2964499890804291,0.3452000021934509,0.33180001378059387,0.21610000729560852,0.12849999964237213,0.47900599241256714,0.45746251940727234,-0.5117144584655762,0.380109965801239,-0.12376750260591507
200,0.09200000017881393,0.11919999867677689,0.14900000393390656,0.19619999825954437,0.266400009393692,0.29980000853538513,0.33320000767707825,0.35109999775886536,0.2879999876022339,0.18029999732971191,0.3819991648197174,0.2977604866027832,-0.47303271293640137,0.2587835490703583,0.013685900717973709
201,0.041999999433755875,0.07100000232458115,0.09260000288486481,0.1459999978542328,0.2198999971151352,0.25270000100135803,0.2962000072002411,0.30880001187324524,0.28780001401901245,0.16500000655651093,0.5236625671386719,0.28447526693344116,-0.6132897734642029,0.33966532349586487,0.05872531235218048
202,0.0544000007212162,0.0786999985575676,0.09459999948740005,0.1476999968290329,0.25060001015663147,0.2904999852180481,0.3019999861717224,0.3285999894142151,0.2782000005245209,0.1632000058889389,0.5229450464248657,0.2983662486076355,-0.5865510702133179,0.3431176245212555,0.022490419447422028
203,0.021400000900030136,0.041200000792741776,0.035999998450279236,0.08900000154972076,0.1720000058412552,0.21629999577999115,0.21940000355243683,0.24799999594688416,0.19519999623298645,0.1088000014424324,0.7180892825126648,0.3369896411895752,-0.6838065981864929,0.42282748222351074,-0.020339004695415497
204,0.06310000270605087,0.08560000360012054,0.10920000076293945,0.155349999666214,0.22624999284744263,0.2615000009536743,0.2987000048160553,0.30979999899864197,0.2687000036239624,0.16089999675750732,0.4645746648311615,0.2998259663581848,-0.5545147061347961,0.31571415066719055,0.02176557667553425
205,0.06064999848604202,0.0791499987244606,0.09390000253915787,0.13494999706745148,0.18809999525547028,0.22010000050067902,0.2425999939441681,0.2519499957561493,0.23759999871253967,0.13975000381469727,0.44190192222595215,0.26899436116218567,-0.5080031156539917,0.28512778878211975,0.04450572654604912
206,0.027550000697374344,0.05054999887943268,0.04560000076889992,0.10029999911785126,0.2395000010728836,0.2987000048160553,0.3386000096797943,0.3312999904155731,0.15105000138282776,0.09279999881982803,0.7626236081123352,0.5697728395462036,-0.7402030229568481,0.542948305606842,-0.3011727035045624
207,0.03384999930858612,0.0617000013589859,0.04340000078082085,0.0812000036239624,0.243599995970726,0.3055500090122223,0.3253999948501587,0.335750013589859,0.12549999356269836,0.06485000252723694,0.764642059803009,0.6676489114761353,-0.6812193393707275,0.6005902290344238,-0.3604089915752411
208,0.0430000014603138,0.07660000026226044,0.09000000357627869,0.15299999713897705,0.21369999647140503,0.2393999993801117,0.28780001401901245,0.29319998621940613,0.28870001435279846,0.1680999994277954,0.5235574245452881,0.26255759596824646,-0.5795828700065613,0.3058076500892639,0.06751233339309692
209,0.042500000447034836,0.07100000232458115,0.08669999986886978,0.14579999446868896,0.2639999985694885,0.2906000018119812,0.3086000084877014,0.3499000072479248,0.23499999940395355,0.13449999690055847,0.5613458156585693,0.3929135799407959,-0.6259220242500305,0.3582746684551239,-0.04369799420237541
210,0.06530000269412994,0.08990000188350677,0.12620000541210175,0.16259999573230743,0.21369999647140503,0.24860000610351562,0.2847000062465668,0.3028999865055084,0.3091000020503998,0.18400000035762787,0.3857386112213135,0.214849591255188,-0.520021378993988,0.27297118306159973,0.10862090438604355
211,0.062199998646974564,0.0820000022649765,0.10920000076293945,0.15649999678134918,0.2134999930858612,0.24320000410079956,0.2720000147819519,0.2924000024795532,0.2587999999523163,0.15449999272823334,0.4270724356174469,0.27549830079078674,-0.5367231965065002,0.26954495906829834,0.048134416341781616
212,0.05694999918341637,0.07530000060796738,0.09139999747276306,0.12444999814033508,0.17839999496936798,0.20344999432563782,0.22750000655651093,0.242249995470047,0.2395000010728836,0.14640000462532043,0.426779568195343,0.21690291166305542,-0.502642035484314,0.2927972972393036,0.0754854828119278
213,0.032600000500679016,0.06260000169277191,0.053199999034404755,0.09520000219345093,0.3192000091075897,0.3955000042915344,0.4131999909877777,0.4341000020503998,0.14180000126361847,0.07209999859333038,0.7718696594238281,0.7028642296791077,-0.7368642091751099,0.625491738319397,-0.3913857638835907
214,0.014050000347197056,0.03709999844431877,0.025699999183416367,0.06644999980926514,0.2345999926328659,0.30489999055862427,0.3174999952316284,0.32910001277923584,0.13030000030994415,0.07240000367164612,0.8502330780029297,0.6286227107048035,-0.7907501459121704,0.6538611650466919,-0.36006563901901245
215,0.06769999861717224,0.08900000154972076,0.10649999976158142,0.15234999358654022,0.21275000274181366,0.2454500049352646,0.2702000141143799,0.2791999876499176,0.2430499941110611,0.15655000507831573,0.4345633387565613,0.26631519198417664,-0.5044543743133545,0.27890193462371826,0.016946660354733467
216,0.019750000908970833,0.028349999338388443,0.01979999989271164,0.045899998396635056,0.18764999508857727,0.2508000135421753,0.2551000118255615,0.2773500084877014,0.08320000022649765,0.04179999977350235,0.8559476137161255,0.7184237241744995,-0.7999647259712219,0.695016622543335,-0.45481014251708984
217,0.011049999855458736,0.02500000037252903,0.019050000235438347,0.060600001364946365,0.20569999516010284,0.2644500136375427,0.2806999981403351,0.28905001282691956,0.1168999969959259,0.06134999915957451,0.8728940486907959,0.6412805318832397,-0.8364409804344177,0.6448872089385986,-0.3642740249633789
218,0.04814999923110008,0.07079999893903732,0.09139999747276306,0.1370999962091446,0.21324999630451202,0.2500999867916107,0.2782999873161316,0.2965500056743622,0.2711000144481659,0.1534000039100647,0.5055450201034546,0.28932124376296997,-0.59438556432724,0.33991333842277527,0.05232603847980499
219,0.03305000066757202,0.05534999817609787,0.05260000005364418,0.0872500017285347,0.2515999972820282,0.3165000081062317,0.33500000834465027,0.3499000072479248,0.14114999771118164,0.07374999672174454,0.7285861968994141,0.6391437649726868,-0.716408371925354,0.5867376923561096,-0.3102527856826782
220,0.05874999985098839,0.08524999767541885,0.1080000028014183,0.15809999406337738,0.18745000660419464,0.20784999430179596,0.21469999849796295,0.22439999878406525,0.2664499878883362,0.17829999327659607,0.33064764738082886,0.09262087941169739,-0.43157193064689636,0.15182404220104218,0.15588824450969696
221,0.05310000106692314,0.07479999959468842,0.08489999920129776,0.12964999675750732,0.18915000557899475,0.2175000011920929,0.23849999904632568,0.2680000066757202,0.27619999647140503,0.16509999334812164,0.47495362162590027,0.18186324834823608,-0.5225024223327637,0.29566752910614014,0.10648076236248016
222,0.03739999979734421,0.06650000065565109,0.06369999796152115,0.13539999723434448,0.25429999828338623,0.3012000024318695,0.3140000104904175,0.33889999985694885,0.22089999914169312,0.12229999899864197,0.6626952886581421,0.4393765926361084,-0.6504599452018738,0.3974187970161438,-0.10503146797418594
223,0.03545000031590462,0.06129999831318855,0.07145000249147415,0.11999999731779099,0.2224999964237213,0.2536500096321106,0.27889999747276306,0.2891499996185303,0.20640000700950623,0.1225999966263771,0.5921221375465393,0.3892901837825775,-0.639623761177063,0.3983454704284668,-0.06163456290960312
224,0.004449999891221523,0.016599999740719795,0.009399999864399433,0.032999999821186066,0.18770000338554382,0.2635500133037567,0.27559998631477356,0.2847000062465668,0.06710000336170197,0.02914999984204769,0.934035062789917,0.8086956739425659,-0.8863791823387146,0.7861309051513672,-0.5708876252174377
225,0.04580000042915344,0.0746999979019165,0.08919999748468399,0.14800000190734863,0.23690000176429749,0.265500009059906,0.2955999970436096,0.31290000677108765,0.26989999413490295,0.1534000039100647,0.5363825559616089,0.31670376658439636,-0.5965433716773987,0.3327321708202362,0.02526765875518322
226,0.026599999517202377,0.0369499996304512,0.04340000078082085,0.09364999830722809,0.16609999537467957,0.2025499939918518,0.17829999327659607,0.22460000216960907,0.18050000071525574,0.10329999774694443,0.608479917049408,0.26633521914482117,-0.6566782593727112,0.31127044558525085,0.04430972412228584
227,0.047200001776218414,0.0771000012755394,0.0835999995470047,0.1371999979019165,0.24860000610351562,0.2896000146865845,0.34040001034736633,0.3427000045776367,0.2632000148296356,0.15150000154972076,0.6056603789329529,0.38402116298675537,-0.6306586861610413,0.42546066641807556,-0.0555555522441864
228,0.023649999871850014,0.04019999876618385,0.02954999916255474,0.06840000301599503,0.22300000488758087,0.29280000925064087,0.30570000410079956,0.31825000047683716,0.10485000163316727,0.05454999953508377,0.8237136602401733,0.6971547603607178,-0.7675628662109375,0.6343223452568054,-0.42037737369537354
229,0.041200000792741776,0.06769999861717224,0.06830000132322311,0.1339000016450882,0.27900001406669617,0.33570000529289246,0.3483999967575073,0.3831999897956848,0.21809999644756317,0.11710000038146973,0.6721861958503723,0.4968850612640381,-0.674597442150116,0.44474393129348755,-0.1526627242565155
230,0.027899999171495438,0.047200001776218414,0.04960000142455101,0.11010000109672546,0.210999995470047,0.2493000030517578,0.219200000166893,0.2791000008583069,0.21389999985694885,0.11879999935626984,0.6309523582458496,0.2970414161682129,-0.6456456184387207,0.33130884170532227,0.03211908042430878
231,0.01744999922811985,0.03864999860525131,0.02979999966919422,0.07240000367164612,0.24629999697208405,0.31779998540878296,0.304500013589859,0.35054999589920044,0.10459999740123749,0.05144999921321869,0.8217170238494873,0.7109144926071167,-0.7747340798377991,0.6158131957054138,-0.41097843647003174
232,0.024150000885128975,0.038350000977516174,0.0340999998152256,0.05974999815225601,0.19564999639987946,0.2556999921798706,0.2563000023365021,0.279449999332428,0.11259999871253967,0.07069999724626541,0.7651515007019043,0.5675840973854065,-0.7396911382675171,0.6218952536582947,-0.31312185525894165
233,0.029999999329447746,0.05920000001788139,0.05900000035762787,0.1298999935388565,0.25859999656677246,0.2915000021457672,0.3124000132083893,0.34040001034736633,0.2159000039100647,0.11550000309944153,0.6822832822799683,0.4601542353630066,-0.6813778281211853,0.41261589527130127,-0.10934716463088989
234,0.011350000277161598,0.0272000003606081,0.018449999392032623,0.055149998515844345,0.24289999902248383,0.32304999232292175,0.3124000132083893,0.3510499894618988,0.09685000032186508,0.048900000751018524,0.8884690999984741,0.7293108105659485,-0.8398115634918213,0.6999047994613647,-0.474775105714798
235,0.06639999896287918,0.09130000323057175,0.11670000106096268,0.16985000669956207,0.24005000293254852,0.27434998750686646,0.3199999928474426,0.3195500075817108,0.2843500077724457,0.17309999465942383,0.4655369818210602,0.2979111671447754,-0.5560417771339417,0.3065223693847656,0.018604377284646034
236,0.04280000180006027,0.06920000165700912,0.06790000200271606,0.13189999759197235,0.2639999985694885,0.32019999623298645,0.3472000062465668,0.3628999888896942,0.24889999628067017,0.14560000598430634,0.6728498935699463,0.40909090638160706,-0.6676272749900818,0.44938427209854126,-0.10356537997722626
237,0.06870000064373016,0.0848499983549118,0.1026500016450882,0.14190000295639038,0.1927500069141388,0.2219499945640564,0.21559999883174896,0.255950003862381,0.22339999675750732,0.1518000066280365,0.35490965843200684,0.17365266382694244,-0.43518057465553284,0.20615383982658386,0.06840337067842484
238,0.009999999776482582,0.028599999845027924,0.01665000058710575,0.05685000121593475,0.22885000705718994,0.29554998874664307,0.29899999499320984,0.31949999928474426,0.09849999845027924,0.04800000041723251,0.8945034146308899,0.7233429551124573,-0.8253968358039856,0.680483341217041,-0.4570316970348358
239,0.0035500000230968,0.016950000077486038,0.007249999791383743,0.0442500002682209,0.22104999423027039,0.29374998807907104,0.30809998512268066,0.3156999945640564,0.08105000108480453,0.03720000013709068,0.9540193676948547,0.7845351696014404,-0.8957083225250244,0.7488293051719666,-0.5584447979927063
240,0.007000000216066837,0.020150000229477882,0.012350000441074371,0.05130000039935112,0.19990000128746033,0.26205000281333923,0.28060001134872437,0.2863999903202057,0.09775000065565109,0.050450000911951065,0.9156852960586548,0.695212185382843,-0.8660016655921936,0.6908707618713379,-0.44631633162498474
241,0.00419999985024333,0.02005000039935112,0.009750000201165676,0.042399998754262924,0.20090000331401825,0.2722499966621399,0.2727999985218048,0.29820001125335693,0.07670000195503235,0.03590000048279762,0.930985689163208,0.7674117088317871,-0.8630698323249817,0.7309644818305969,-0.5242812037467957
242,0.029100000858306885,0.04580000042915344,0.040049999952316284,0.08874999731779099,0.22849999368190765,0.2815000116825104,0.29840001463890076,0.31735000014305115,0.1386999934911728,0.07880000025033951,0.7633328437805176,0.5821845531463623,-0.7338756918907166,0.541521430015564,-0.29382720589637756
243,0.017750000581145287,0.02449999935925007,0.01575000025331974,0.039650000631809235,0.195700004696846,0.26759999990463257,0.2759000062942505,0.2893500030040741,0.0718500018119812,0.03310000151395798,0.8919938206672668,0.7857605218887329,-0.8368841409683228,0.7486927509307861,-0.5404590368270874
244,0.07490000128746033,0.1023000031709671,0.12960000336170197,0.18559999763965607,0.27480000257492065,0.3176000118255615,0.36160001158714294,0.37389999628067017,0.27549999952316284,0.16590000689029694,0.47231271862983704,0.37099525332450867,-0.5589566826820374,0.32163745164871216,-0.03730989620089531
245,0.04084999859333038,0.06809999793767929,0.07684999704360962,0.1383499950170517,0.21660000085830688,0.2488500028848648,0.28700000047683716,0.29429998993873596,0.26065000891685486,0.15320000052452087,0.5775731801986694,0.30395275354385376,-0.6164460778236389,0.3494769036769867,0.014503655023872852
246,0.023800000548362732,0.0442500002682209,0.046799998730421066,0.06904999911785126,0.19979999959468842,0.25894999504089355,0.2808000147342682,0.28984999656677246,0.10845000296831131,0.058150000870227814,0.7142857313156128,0.65688157081604,-0.7277342081069946,0.6052594184875488,-0.32477983832359314
247,0.05990000069141388,0.08455000072717667,0.09955000132322311,0.16779999434947968,0.2816999852657318,0.3356499969959259,0.373199999332428,0.3919999897480011,0.25314998626708984,0.1454000025987625,0.5788471698760986,0.43925952911376953,-0.6305843591690063,0.3796672821044922,-0.10231612622737885
248,0.007600000128149986,0.01860000006854534,0.010599999688565731,0.035999998450279236,0.18250000476837158,0.25540000200271606,0.27000001072883606,0.27799999713897705,0.06989999860525131,0.031700000166893005,0.9244475960731506,0.7898575067520142,-0.8711018562316895,0.7647058963775635,-0.5504049062728882
249,0.01489999983459711,0.030950000509619713,0.024800000712275505,0.06069999933242798,0.2020999938249588,0.26365000009536743,0.2653999924659729,0.2937000095844269,0.09719999879598618,0.04820000007748604,0.8290833830833435,0.6926020383834839,-0.7911253571510315,0.6277215480804443,-0.39348742365837097
